id,station_name,line_name,name,lat,lon,wheelchair,baby_chair,ostomate,opening_hours,notes
1f173c4f-db0a-5765-a014-912865eb1f2b,東京,JR山手線,東京駅付近のトイレ (-1階),35.6823758,139.7662055,○,,,始発〜終電,OSMデータ
59f55c16-44cf-5d56-9b39-e534efc4ca7c,東京,JR山手線,東京駅付近のトイレ,35.6803922,139.7659595,,,,始発〜終電,OSMデータ
f0ffd387-8f7e-5d3f-aea4-ebcc2dd3e50b,東京,JR山手線,東京駅付近のトイレ,35.6803598,139.765851,,,,始発〜終電,OSMデータ
ab64e2fb-7bb0-586e-9921-2dafee102cce,東京,JR山手線,東京駅付近のトイレ,35.6829637,139.7651416,,,,始発〜終電,OSMデータ
5a7295d1-d77f-55fe-ab53-169a5a120bb7,東京,JR山手線,東京駅付近のトイレ (-1階),35.6823068,139.7661871,○,,,始発〜終電,OSMデータ
36f40165-0c5f-563a-a810-3a1a9205cd0b,東京,JR山手線,東京駅付近のトイレ,35.6808287,139.7667492,,,,始発〜終電,OSMデータ
6b814840-af4c-5000-9cee-a213eec341c5,東京,JR山手線,東京駅付近のトイレ,35.6816694,139.7666481,,,,始発〜終電,OSMデータ
d3d82297-2385-5247-9915-98adef66b1a1,東京,JR山手線,東京駅付近のトイレ,35.681672,139.7666364,,,,始発〜終電,OSMデータ
f880c66a-869c-5c8d-bf09-3dea7ca66fd5,東京,JR山手線,東京駅付近のトイレ,35.6816754,139.7666241,○,,,始発〜終電,OSMデータ
05756277-d5a3-577f-93f9-3502ba5e9b2e,有楽町,JR山手線,有楽町イトシア,35.6744429,139.7638905,○,,,始発〜終電,OSMデータ
047aade0-dc6e-5be4-8ce2-27f5728be088,有楽町,JR山手線,有楽町駅付近のトイレ,35.6724048,139.7621051,,,,始発〜終電,OSMデータ
aed1f12c-5cb8-59ae-81a4-7e9e55b83397,有楽町,JR山手線,有楽町駅付近のトイレ (1階),35.6741928,139.7600286,,,,始発〜終電,OSMデータ
57d7f6e6-ecab-53e7-bf53-65f9abec1746,有楽町,JR山手線,有楽町駅付近のトイレ,35.6759855,139.7622371,○,○,,始発〜終電,OSMデータ
7a2c90bf-ba1a-53b3-9035-b8d61d11a011,有楽町,JR山手線,有楽町駅付近のトイレ,35.6746414,139.7626383,,,,始発〜終電,OSMデータ
5015f0cb-3692-55e2-8580-4fab8f0dcdab,有楽町,JR山手線,有楽町駅付近のトイレ,35.6765469,139.7643554,,,,始発〜終電,OSMデータ
a2af9ef9-0556-59d4-9080-998e9e546ea0,新橋,JR山手線,元八通八橋際公衆便所,35.6672335,139.7621148,,,,始発〜終電,OSMデータ
19e8d037-31f9-5a14-9a84-825bbbd686e2,新橋,JR山手線,新橋駅付近のトイレ,35.6664609,139.759926,,,,始発〜終電,OSMデータ
e093a4b4-6b5b-5012-8938-cff8d369407f,浜松町,JR山手線,浜松町駅付近のトイレ,35.6559938,139.7582143,○,,,始発〜終電,OSMデータ
f5e0390b-7665-5d01-89d4-b4a149d10577,浜松町,JR山手線,浜松町駅付近のトイレ,35.6563211,139.7574696,○,,,始発〜終電,OSMデータ
257f90a8-ef4f-5c96-869b-3c7e1a22c7e6,浜松町,JR山手線,浜松町駅付近のトイレ,35.6563228,139.7572948,○,,,始発〜終電,OSMデータ
52541081-951b-55ac-a541-e0d9e3902b5b,田町,JR山手線,田町駅付近のトイレ (0階),35.6471422,139.7450199,,,,始発〜終電,OSMデータ
6c85ba0c-2df3-58cc-bc98-2403fbb557ae,田町,JR山手線,田町駅付近のトイレ,35.6480265,139.7480996,,,,始発〜終電,OSMデータ
43a879e4-13ef-507a-b378-66ed97cbf8d7,田町,JR山手線,田町駅付近のトイレ,35.6471307,139.7501065,○,,,始発〜終電,OSMデータ
f89c4960-2463-5cc9-abc0-8cc9f5365fe5,田町,JR山手線,田町駅付近のトイレ,35.643923,139.748775,,,,始発〜終電,OSMデータ
fdf630f6-96ca-595a-a7ec-d8c7ae6c0eb3,田町,JR山手線,田町駅付近のトイレ (-1階),35.6471539,139.7450371,,,,始発〜終電,OSMデータ
3d95166d-48cd-59c3-b161-23bc3402e76e,田町,JR山手線,田町駅付近のトイレ,35.6459738,139.7504671,○,,,始発〜終電,OSMデータ
388340fb-c48f-55b0-bf9f-4ce1dbe26c96,高輪ゲートウェイ,JR山手線,高輪ゲートウェイ駅付近のトイレ,35.6331194,139.7361147,,,,始発〜終電,OSMデータ
86789a8d-a979-59f1-ab66-5e786d09227a,高輪ゲートウェイ,JR山手線,高輪ゲートウェイ駅付近のトイレ,35.6348892,139.7405448,,,,始発〜終電,OSMデータ
821a2925-9302-5b9e-8ed7-caac5c2b2f3a,高輪ゲートウェイ,JR山手線,高輪ゲートウェイ駅付近のトイレ,35.6372851,139.7376094,○,,,始発〜終電,OSMデータ
457ee650-cb60-55dc-998f-fc7540806264,品川,JR山手線,品川駅トイレ(代表),35.6298948,139.7403731,○,○,,始発〜終電,駅中心座標(詳細位置不明)
6a1bc035-3b3c-5155-bc52-e36bfbb9a35e,大崎,JR山手線,大崎駅付近のトイレ,35.620057,139.727988,○,,,始発〜終電,OSMデータ
9e5cc8fe-435b-50f5-b543-113ca473b761,大崎,JR山手線,大崎駅付近のトイレ,35.6175993,139.728995,,,,始発〜終電,OSMデータ
0e3dc307-3c14-5454-81c6-4af92545dbaa,五反田,JR山手線,五反田駅付近のトイレ (0階),35.6246307,139.7242334,○,○,,始発〜終電,OSMデータ
af75e12e-58cc-5d86-b2a0-088c5f2a0101,目黒,JR山手線,目黒駅付近のトイレ (-3階),35.6330674,139.7156707,○,○,,始発〜終電,OSMデータ
5efc7d74-be77-551a-9a18-2fc62261e85d,恵比寿,JR山手線,恵比寿駅付近のトイレ,35.647014,139.70709,○,,○,始発〜終電,OSMデータ
e4ee8d8b-d700-590b-9826-d32d178c51ba,恵比寿,JR山手線,恵比寿駅西口公衆便所,35.647432,139.7094583,○,○,,始発〜終電,OSMデータ
5050ae1c-680d-538f-b165-ef7665fe770d,恵比寿,JR山手線,恵比寿駅東口公園,35.6466075,139.7107237,,,,始発〜終電,OSMデータ
d4a5fc7c-ac0e-5aa6-a9d3-f7286ed2e0da,恵比寿,JR山手線,恵比寿東公園,35.6481689,139.7112019,○,○,○,始発〜終電,OSMデータ
1e5318e6-3756-53bd-b9b1-3b5ce6ce6074,恵比寿,JR山手線,東三丁目公衆便所,35.6489829,139.7091316,○,,○,始発〜終電,OSMデータ
af2cafce-ab49-5d7f-b1b3-3065c422f969,渋谷,JR山手線,渋谷駅付近のトイレ,35.6587734,139.6997126,○,○,,始発〜終電,OSMデータ
e8fb3922-d97b-5a4b-9d31-ded7fa09654d,渋谷,JR山手線,渋谷駅付近のトイレ (-2階),35.6595192,139.7000994,○,,,始発〜終電,OSMデータ
4c0e4d14-7a8c-5c60-b7ea-587b2489e966,渋谷,JR山手線,渋谷駅付近のトイレ,35.6601668,139.7015599,,,,始発〜終電,OSMデータ
479f38c5-ef22-5b0b-b983-6c5841c95b63,渋谷,JR山手線,渋谷駅付近のトイレ,35.6598184,139.7015406,,,,始発〜終電,OSMデータ
df672f4d-2d00-5a02-90ea-a0bca5afb81c,渋谷,JR山手線,渋谷駅付近のトイレ (1階),35.6590941,139.7014254,,,,始発〜終電,OSMデータ
e720c32f-9f98-50df-9653-f39b2e62d77c,渋谷,JR山手線,渋谷駅付近のトイレ (1階),35.6591347,139.7014186,,,,始発〜終電,OSMデータ
0db55739-f5df-5df7-9e18-4db19b5b676f,渋谷,JR山手線,南改札 (1階),35.6578211,139.7016873,,,,始発〜終電,OSMデータ
903292e7-97bb-5a97-9340-5eecebe0ab40,渋谷,JR山手線,南改札 (1階),35.6577788,139.7015649,,,,始発〜終電,OSMデータ
f9569624-8c86-551c-bcbf-e136b6b6f20c,渋谷,JR山手線,渋谷駅付近のトイレ (2階),35.6591755,139.7030244,,,,始発〜終電,OSMデータ
c4ba9ab6-cc28-52fe-a9c7-95bf47f99e20,渋谷,JR山手線,渋谷駅付近のトイレ (1階),35.6582746,139.6983222,○,,,始発〜終電,OSMデータ
511e6a33-ed09-5ead-8350-da27fb42f242,原宿,JR山手線,原宿駅付近のトイレ,35.6728332,139.702708,○,,,始発〜終電,OSMデータ
470ff333-a268-5067-910b-0ae4a6b0e792,原宿,JR山手線,原宿駅付近のトイレ,35.6702419,139.7023102,,,,始発〜終電,OSMデータ
7b108942-4263-5ebe-97c9-a1985901d34a,原宿,JR山手線,原宿駅付近のトイレ,35.668971,139.7001025,,,,始発〜終電,OSMデータ
509e8fc6-6e8c-5964-95d9-057ad25db3d5,原宿,JR山手線,原宿駅付近のトイレ,35.6689625,139.7001154,,○,,始発〜終電,OSMデータ
2af30a29-f544-526b-9249-d3ef376660fa,原宿,JR山手線,原宿駅付近のトイレ,35.6728729,139.7027021,,,,始発〜終電,OSMデータ
ba5bc063-b323-5b3e-b852-f995ca330721,代々木,JR山手線,代々木駅付近のトイレ,35.6848958,139.7040254,,,,始発〜終電,OSMデータ
e9ccc27c-1070-55a8-bd5b-c6307fcf89af,代々木,JR山手線,代々木駅付近のトイレ (0階),35.6831099,139.7023149,,,,始発〜終電,OSMデータ
f47fed6a-c1a2-5ea6-8380-690d183be925,代々木,JR山手線,代々木みどり公園,35.683176,139.7006093,○,,○,始発〜終電,OSMデータ
c0f0c839-8dec-500c-b2ab-faa8d3edb90f,新宿,JR山手線,代々木二丁目あおい公園,35.6870625,139.6963374,○,,○,始発〜終電,OSMデータ
b3fa053a-6ddf-5dea-a7a5-e3e38880e017,新宿,JR山手線,新宿駅付近のトイレ (0階),35.6895587,139.7015356,,,,始発〜終電,OSMデータ
cd3b2a03-8425-546c-9346-e409be5b8cbb,新宿,JR山手線,新宿駅付近のトイレ (-1階),35.6899011,139.7015691,,,,始発〜終電,OSMデータ
9c30d63d-99ea-5808-afc2-cc31e10bd0f1,新宿,JR山手線,新宿駅付近のトイレ (-1階),35.6880927,139.6976779,,,,始発〜終電,OSMデータ
177d1bf3-a845-5da4-9129-ab094bcd534a,新宿,JR山手線,新宿駅付近のトイレ (-1階),35.6878704,139.6973328,,,,始発〜終電,OSMデータ
d04da1aa-1091-5366-8d81-641bd6281eb1,新宿,JR山手線,新宿駅付近のトイレ,35.6886984,139.7004606,,,,始発〜終電,OSMデータ
744b487d-ade2-5545-9b54-2ad1a44b3529,新宿,JR山手線,新宿駅付近のトイレ,35.6904483,139.6989463,,,,始発〜終電,OSMデータ
f22028e1-ff46-5f99-8ad3-451d5bdf7dba,新宿,JR山手線,新宿駅付近のトイレ (1階),35.6894982,139.6998854,,,,始発〜終電,OSMデータ
72e19a6b-5539-5d66-a259-391d12330c49,新宿,JR山手線,新宿駅付近のトイレ (1階),35.6895286,139.6998775,,,,始発〜終電,OSMデータ
e7dade81-e123-5f09-ae3a-7d40faf237b5,新宿,JR山手線,新宿駅付近のトイレ (1階),35.6898727,139.7008515,,,,始発〜終電,OSMデータ
8cdf4eaf-a53d-5e8c-b189-616dbc7fb35f,新宿,JR山手線,新宿駅付近のトイレ (1階),35.6898727,139.7009078,,,,始発〜終電,OSMデータ
78567964-0865-591c-a3c6-790fc602600f,新宿,JR山手線,新宿駅付近のトイレ (-1階),35.6904462,139.699419,,,,始発〜終電,OSMデータ
1d31d4ed-e0b3-5ec5-9ac7-1c01ac61b64f,新宿,JR山手線,新宿駅付近のトイレ (1階),35.6887251,139.7003428,,,,始発〜終電,OSMデータ
f9f59376-8661-5b8d-8a55-acafb436eab3,新宿,JR山手線,新宿駅付近のトイレ (1階),35.6887124,139.7004574,○,,,始発〜終電,OSMデータ
7bfdb581-1d97-5bb7-9e4a-e315eb69d1db,新宿,JR山手線,新宿駅付近のトイレ (1階),35.688768,139.7004726,,,,始発〜終電,OSMデータ
9492c70b-bfbd-5dd1-9876-71b74cb5ec47,新宿,JR山手線,新宿駅付近のトイレ (-3階),35.6904524,139.6989524,,,,始発〜終電,OSMデータ
962e6378-f410-5ed8-a55f-ecb228a4ecb2,新宿,JR山手線,新宿駅付近のトイレ (-3階),35.6904931,139.6989464,,,,始発〜終電,OSMデータ
29bfd5ae-e806-5941-a512-319c0ea3dc00,新宿,JR山手線,新宿駅付近のトイレ (-3階),35.6905313,139.6989429,,,,始発〜終電,OSMデータ
750cabc1-f518-5372-84a9-609b3a1a6857,新大久保,JR山手線,新大久保駅付近のトイレ,35.6995934,139.7022693,,,,始発〜終電,OSMデータ
84d8a51e-d973-5ee9-adbb-8f1149d038f1,新大久保,JR山手線,新大久保駅付近のトイレ,35.7012032,139.7000457,,,,始発〜終電,OSMデータ
b256302b-2da7-5a95-8355-a66eeec92277,高田馬場,JR山手線,高田馬場駅付近のトイレ,35.7161093,139.7040892,,,,始発〜終電,OSMデータ
a89be9f1-26fb-5043-839a-dd66605cf13c,目白,JR山手線,目白駅付近のトイレ (1階),35.7215926,139.7076067,○,○,,始発〜終電,OSMデータ
b4ca922f-854c-5d41-8f18-cab7872fa5b8,目白,JR山手線,目白駅付近のトイレ,35.7212865,139.7068196,,,,始発〜終電,OSMデータ
4f27f1a1-cf97-5d83-be6d-d9f22876beb6,池袋,JR山手線,池袋駅付近のトイレ,35.7316989,139.7113138,,,,始発〜終電,OSMデータ
b88038b2-bd7e-51b0-9265-46263068adca,池袋,JR山手線,池袋駅付近のトイレ (-1階),35.7296265,139.7100045,,,,始発〜終電,OSMデータ
9bcf7da9-0371-502b-977e-19fd59968870,池袋,JR山手線,池袋駅付近のトイレ,35.7277975,139.7148661,○,○,,始発〜終電,OSMデータ
16b1313a-953a-5224-a1b9-bc3cb27e3142,池袋,JR山手線,池袋駅付近のトイレ (-1階),35.7309078,139.7123174,,,,始発〜終電,OSMデータ
023d63e9-3f4f-59d8-884f-3fd325e480f1,池袋,JR山手線,池袋駅付近のトイレ (-1階),35.730751,139.7126037,,,,始発〜終電,OSMデータ
6a541157-aa20-5f82-bac1-e5746f0dda23,池袋,JR山手線,池袋駅付近のトイレ (-1階),35.7306149,139.7125346,,,,始発〜終電,OSMデータ
8bc29cb4-1d58-55bf-b542-91b33aba0c0d,池袋,JR山手線,池袋駅付近のトイレ (-1階),35.7310199,139.7127078,,,,始発〜終電,OSMデータ
53af699c-2036-5d87-a9f4-f0df9d50f6a4,池袋,JR山手線,池袋駅付近のトイレ (-1階),35.7310224,139.7126963,,,,始発〜終電,OSMデータ
b22a7a61-f59a-5565-88f3-0d989da81395,大塚,JR山手線,大塚駅付近のトイレ,35.732467,139.7310844,,,,始発〜終電,OSMデータ
e0ec1f40-976e-5c7e-bd2a-5c819ecefc4f,大塚,JR山手線,大塚駅付近のトイレ,35.73178,139.72936,,,,始発〜終電,OSMデータ
17e14c5c-b5da-529d-a7bd-f6816a9b9ddf,巣鴨,JR山手線,巣鴨駅付近のトイレ,35.7320875,139.7415679,,,,始発〜終電,OSMデータ
5e30d13d-a302-5e8a-b1e2-cf26a8f99c70,巣鴨,JR山手線,巣鴨駅付近のトイレ,35.7331048,139.737278,,,,始発〜終電,OSMデータ
6a8c1708-8e20-51f9-ba68-726951829b5f,巣鴨,JR山手線,巣鴨駅付近のトイレ,35.7335773,139.7395473,,,,始発〜終電,OSMデータ
270ba0cb-134b-5081-b8b4-7ebe0546c7af,巣鴨,JR山手線,巣鴨駅前公衆便所,35.7330892,139.7393457,,,,始発〜終電,OSMデータ
08d0e6c1-4777-596c-94b4-2f2a2a8c2292,駒込,JR山手線,駒込駅付近のトイレ,35.737535,139.747199,,,,始発〜終電,OSMデータ
45357906-7552-5160-90f1-4faf97c20053,駒込,JR山手線,駒込駅付近のトイレ,35.735506,139.7497305,,,,始発〜終電,OSMデータ
de05ec12-6183-5258-87d3-e734511a240a,駒込,JR山手線,駒込駅付近のトイレ (0階),35.7366822,139.7471297,,,,始発〜終電,OSMデータ
c463d9ec-27e5-5fc6-ac73-eacaed1d9099,駒込,JR山手線,駒込駅付近のトイレ (-2階),35.7373378,139.7490447,,,,始発〜終電,OSMデータ
eefc0bfb-9a9a-5cf8-87e6-bdf4832d80bf,駒込,JR山手線,駒込駅付近のトイレ,35.7348959,139.746724,,,,始発〜終電,OSMデータ
3f63fb8c-ff4d-5237-8427-71f5614924bf,田端,JR山手線,田端駅付近のトイレ,35.7390186,139.7619922,,,,始発〜終電,OSMデータ
f93d5cb2-293e-5abd-a0d4-9f116a3d3368,西日暮里,JR山手線,西日暮里駅付近のトイレ,35.7313501,139.7666654,,,,始発〜終電,OSMデータ
670552b5-db7a-5a05-9c7d-d356e95ea96a,西日暮里,JR山手線,西日暮里駅付近のトイレ,35.7324096,139.766732,,,,始発〜終電,OSMデータ
8bc4146b-ced6-55cd-9009-330181f27b89,西日暮里,JR山手線,諏訪台トイレ,35.7302012,139.7671947,,,,始発〜終電,OSMデータ
993e4b3d-bd9e-503a-9f23-e591b5f8a77b,日暮里,JR山手線,日暮里駅付近のトイレ,35.7289,139.7707428,,,,始発〜終電,OSMデータ
9fdb6b86-990f-53d1-b307-d62fe9b007ac,日暮里,JR山手線,日暮里駅付近のトイレ (1階),35.7285704,139.7708025,,○,,始発〜終電,OSMデータ
b4a04fc6-d194-5da6-97bb-0b878fb5d204,日暮里,JR山手線,日暮里駅付近のトイレ,35.7280584,139.7700737,,,,始発〜終電,OSMデータ
e611f629-6b25-5e9c-bdb1-e59c8dac4b8b,日暮里,JR山手線,日暮里駅付近のトイレ,35.726282,139.7713232,,,,始発〜終電,OSMデータ
4d98b1ff-be34-51e9-b45d-ffa57a1a8bf5,鶯谷,JR山手線,鶯谷駅付近のトイレ,35.7202847,139.776544,,,,始発〜終電,OSMデータ
491fc8cc-6785-500b-9ef7-48f257c90e6e,鶯谷,JR山手線,鶯谷駅付近のトイレ,35.7205137,139.778791,,,,始発〜終電,OSMデータ
f0e7933a-bf42-5435-88fe-5ca27010dd26,鶯谷,JR山手線,鶯谷駅付近のトイレ,35.7212144,139.77949,,,,始発〜終電,OSMデータ
8ee2cda7-b73e-50fd-abc6-78ed3de0fcac,上野,JR山手線,上野駅付近のトイレ,35.7128698,139.776515,,,,始発〜終電,OSMデータ
34c216fd-99b7-5df4-9237-7cfe8ede7882,上野,JR山手線,上野駅付近のトイレ,35.7161215,139.7778918,,,,始発〜終電,OSMデータ
e4813f3a-7651-59bd-88fc-374aa03a13d3,上野,JR山手線,上野駅付近のトイレ,35.711886,139.7762665,,,,始発〜終電,OSMデータ
40d67d6b-b1b0-565a-b4f9-1daf66deea84,上野,JR山手線,上野駅付近のトイレ (-1階),35.7115553,139.7772361,,,,始発〜終電,OSMデータ
b64f0f8a-d402-5c79-b74e-2c4b49546af3,上野,JR山手線,上野駅付近のトイレ (-1階),35.7114643,139.7771119,,,,始発〜終電,OSMデータ
f1fee373-da67-5553-af90-d7624660c1e1,上野,JR山手線,上野駅付近のトイレ (-1階),35.7115134,139.7771753,,○,,始発〜終電,OSMデータ
3eb55f44-e034-5396-992e-55b1c08300c9,上野,JR山手線,上野駅付近のトイレ (-1階),35.7126203,139.7766789,○,,,始発〜終電,OSMデータ
3504e9e9-6df8-5382-9691-e6334df9b96c,上野,JR山手線,上野駅付近のトイレ,35.7136298,139.7759152,,,,始発〜終電,OSMデータ
00824b15-8288-53b2-9c4c-36a277023fd3,上野,JR山手線,上野駅付近のトイレ,35.7150826,139.7741847,○,○,,始発〜終電,OSMデータ
6e2f4460-0122-5648-ac12-42d078156246,上野,JR山手線,上野駅付近のトイレ,35.7149342,139.7748887,○,○,,始発〜終電,OSMデータ
3016bc64-5370-5c60-b6a3-1ff4fe3891d1,上野,JR山手線,上野駅付近のトイレ (1階),35.7130983,139.7760018,,,,始発〜終電,OSMデータ
e66b0040-91c3-55fd-ab21-402aeda44393,上野,JR山手線,上野駅付近のトイレ (3階),35.7144067,139.7766231,,,,始発〜終電,OSMデータ
79a294f4-8e93-583a-834b-43b928f86ec9,上野,JR山手線,上野駅付近のトイレ,35.7161055,139.7750808,○,,,始発〜終電,OSMデータ
603da20f-176b-5b35-b646-c1f90de05139,御徒町,JR山手線,御徒町駅付近のトイレ (-1階),35.7077711,139.7729984,,,,始発〜終電,OSMデータ
92677639-d02c-5c68-959c-49dc191077aa,御徒町,JR山手線,御徒町駅付近のトイレ,35.7066195,139.7721994,○,○,,始発〜終電,OSMデータ
d14d5b39-6e9d-5ece-a565-842c15abb059,御徒町,JR山手線,御徒町駅付近のトイレ,35.7066203,139.772245,○,○,,始発〜終電,OSMデータ
e31c1167-bf4e-5db9-b448-119d62807066,御徒町,JR山手線,御徒町駅付近のトイレ,35.7062346,139.7778611,○,,,始発〜終電,OSMデータ
3e75272f-221a-57f6-aae2-fdb045dcd628,秋葉原,JR山手線,オアシスakiba,35.6985679,139.7735701,○,,,始発〜終電,OSMデータ
c3ea965a-2e68-5a4c-afe3-b23e3c777396,秋葉原,JR山手線,秋葉原駅付近のトイレ,35.6971484,139.772828,,,,始発〜終電,OSMデータ
e004bad2-3e62-58b4-8929-566c15e46077,秋葉原,JR山手線,秋葉原駅付近のトイレ (-1階),35.6975798,139.7754852,,,,始発〜終電,OSMデータ
515bceb5-963c-575c-998e-0bf985c3273f,秋葉原,JR山手線,秋葉原駅付近のトイレ (1階),35.6979763,139.7737982,,,,始発〜終電,OSMデータ
4de0326c-474b-5dd9-bc9f-b1a21d66347b,秋葉原,JR山手線,秋葉原駅付近のトイレ,35.6984837,139.7726991,,,,始発〜終電,OSMデータ
c6b8876f-cf4d-5abe-a194-e1d9dd268d6b,秋葉原,JR山手線,秋葉原駅付近のトイレ,35.6984782,139.7727653,,,,始発〜終電,OSMデータ
7f2b9839-e4fb-5d2b-ae9c-0bc1720c7952,秋葉原,JR山手線,秋葉原駅付近のトイレ,35.6984312,139.773285,,,,始発〜終電,OSMデータ
9f8fdcb2-8281-59db-8afd-597849f41941,秋葉原,JR山手線,秋葉原駅付近のトイレ,35.6988151,139.7743416,,,,始発〜終電,OSMデータ
546e772e-5b58-5db7-a303-f916f4935f00,秋葉原,JR山手線,秋葉原駅付近のトイレ,35.6982542,139.7744472,,,,始発〜終電,OSMデータ
66f24b72-344b-5839-8a83-90217d34c060,秋葉原,JR山手線,和泉橋公衆便所,35.6972023,139.7751558,,,,始発〜終電,OSMデータ
5156f400-c956-59be-88de-490b583f70b3,秋葉原,JR山手線,和泉橋公衆便所,35.6972549,139.775191,,,,始発〜終電,OSMデータ
f4c1c094-5213-55bf-9961-5ba08af928dd,神田,JR山手線,神田駅付近のトイレ (-1階),35.6945421,139.7675158,,,,始発〜終電,OSMデータ
fed931db-d75e-5b45-ab4c-13415b3b2e9f,神田,JR山手線,神田駅付近のトイレ,35.6923182,139.7709825,,,,始発〜終電,OSMデータ
42ebf6f2-aefe-5af0-9cb6-bae45412978a,神田,JR山手線,神田駅付近のトイレ,35.6923132,139.7709774,,,,始発〜終電,OSMデータ
dc94b689-0b78-5f05-85e5-d14255e2a17f,神田,JR山手線,神田駅付近のトイレ,35.6922965,139.7709676,,,,始発〜終電,OSMデータ
50a1f200-700c-5273-9ea0-41318ca9640d,神田,JR山手線,神田駅付近のトイレ,35.6918792,139.7707776,,,,始発〜終電,OSMデータ
247f7363-da2f-5311-ab66-516e5478a5c6,神田,JR山手線,神田駅付近のトイレ,35.6968837,139.7711951,,,,始発〜終電,OSMデータ
38afaea3-a0dd-51d5-aaac-e21d5ce6833a,神田,JR山手線,神田駅付近のトイレ,35.6930633,139.7680584,,,,始発〜終電,OSMデータ
337d8605-698b-5b99-972b-3defdf39d2bf,御茶ノ水,JR中央線,御茶ノ水駅付近のトイレ,35.7007764,139.7631354,,,,始発〜終電,OSMデータ
cd8edd2c-2112-56cf-9e8f-31f6ced03146,御茶ノ水,JR中央線,御茶ノ水駅付近のトイレ,35.700402,139.767326,,,,始発〜終電,OSMデータ
17358ad6-a8c7-59d2-9ad9-b40d7ce0a76e,御茶ノ水,JR中央線,御茶ノ水駅付近のトイレ,35.6996156,139.7645613,,○,,始発〜終電,OSMデータ
f7370aab-8f0d-5095-972c-ad99e55c8462,御茶ノ水,JR中央線,御茶ノ水駅付近のトイレ (-1階),35.6991123,139.7651656,,,,始発〜終電,OSMデータ
ab6eedc1-83ce-5480-b13e-5f35a57c77ff,御茶ノ水,JR中央線,文京区お茶の水公園便所,35.7008513,139.766028,○,○,,始発〜終電,OSMデータ
664a97c3-44fb-5d65-97ba-a1dd0f6e231f,水道橋,JR中央線,水道橋駅付近のトイレ,35.7022658,139.7582706,,,,始発〜終電,OSMデータ
422c1961-fcaf-5276-86c4-14cd1a0b3a1f,飯田橋,JR中央線,飯田橋駅付近のトイレ,35.6987992,139.7479684,,,,始発〜終電,OSMデータ
9bfbc5e8-aee6-5171-a458-92e86f720bba,飯田橋,JR中央線,飯田橋駅付近のトイレ,35.7023964,139.7456172,,○,,始発〜終電,OSMデータ
004880dc-9053-57b1-833d-9ebdc158d82c,飯田橋,JR中央線,飯田橋駅付近のトイレ (0階),35.7019825,139.7451003,,○,,始発〜終電,OSMデータ
8c20ef03-c63a-51a5-9415-c338e893fbfe,飯田橋,JR中央線,飯田橋駅付近のトイレ (1階),35.701347,139.7442054,,,,始発〜終電,OSMデータ
b57f4f30-8cd4-59f8-a228-166e6f343f34,市ケ谷,JR中央線,市ケ谷駅付近のトイレ,35.6914571,139.7362693,,,,始発〜終電,OSMデータ
e29f1d1b-e339-55c9-84fe-c992d7bcb596,市ケ谷,JR中央線,市ケ谷駅付近のトイレ,35.6920656,139.7339796,,,,始発〜終電,OSMデータ
cd0c1408-6025-58bc-a702-e2d90b2bd175,市ケ谷,JR中央線,市ケ谷駅付近のトイレ,35.6915944,139.7343536,,,,始発〜終電,OSMデータ
9a7766f9-3c36-5d1c-b992-dce8ae3d9e40,市ケ谷,JR中央線,市ケ谷駅付近のトイレ (-3階),35.6931756,139.7367206,○,○,,始発〜終電,OSMデータ
06189142-6165-5482-b8d6-bc2989c411e3,市ケ谷,JR中央線,市ケ谷駅付近のトイレ,35.6935634,139.7375495,○,○,,始発〜終電,OSMデータ
aa1460c4-1bcd-5e6d-9915-7e4af4cfda59,四ツ谷,JR中央線,四ツ谷駅付近のトイレ (-2階),35.6861818,139.7296995,,,,始発〜終電,OSMデータ
e76989ed-048d-5e69-997a-6fa6644806f5,四ツ谷,JR中央線,四ツ谷駅付近のトイレ,35.6849943,139.7299432,,,,始発〜終電,OSMデータ
71728e9d-d310-5f7b-a607-422a03e77fe2,四ツ谷,JR中央線,四ツ谷駅付近のトイレ,35.6851385,139.7298699,○,,,始発〜終電,OSMデータ
f999e375-8238-5dc0-934b-9d1cc4d5d76f,四ツ谷,JR中央線,四ツ谷駅付近のトイレ,35.6858613,139.7313797,,,,始発〜終電,OSMデータ
13d57308-3fbe-5088-8707-a931bb1a82e6,信濃町,JR中央線,信濃町駅付近のトイレ,35.6782277,139.7206214,,,,始発〜終電,OSMデータ
51432f07-3c39-556d-8025-9e62bdd31240,千駄ケ谷,JR中央線,千駄ケ谷駅付近のトイレ,35.6828,139.709856,○,,,始発〜終電,OSMデータ
d9977067-8a45-5a1c-aaf7-ab8cb11ea001,千駄ケ谷,JR中央線,千駄ケ谷駅付近のトイレ,35.682401,139.709047,○,,,始発〜終電,OSMデータ
9cfac7e9-319e-567c-b734-cacc1b2b037a,千駄ケ谷,JR中央線,千駄ケ谷駅付近のトイレ,35.6811938,139.7109366,,,,始発〜終電,OSMデータ
67d23cff-27f5-560f-b25e-00b93abf6c47,千駄ケ谷,JR中央線,千駄ケ谷駅付近のトイレ,35.6834652,139.7119468,,○,,始発〜終電,OSMデータ
911698a0-3766-5a72-b032-d1092ccd10d7,千駄ケ谷,JR中央線,千駄ヶ谷駅前公衆便所,35.6807698,139.7120982,○,,○,始発〜終電,OSMデータ
4776b763-6af5-5dd5-bd75-d34751b8f6fd,中野,JR中央線,中野駅付近のトイレ,35.7072478,139.6677764,,,,始発〜終電,OSMデータ
2f547aaf-6283-5d7b-a34f-887bc6509d28,中野,JR中央線,北口トイレ（改札外） (0階),35.7061097,139.6660313,○,○,,始発〜終電,OSMデータ
e1d8bd4a-9d3a-5600-b9d9-a84cc1e5d7f5,中野,JR中央線,北口トイレ（改札内） (0階),35.7059732,139.6658499,○,○,,始発〜終電,OSMデータ
7053c072-cd62-53ed-8259-d818c549750e,中野,JR中央線,南口トイレ（改札内） (0階),35.7054806,139.665889,○,○,,始発〜終電,OSMデータ
c148e740-e9c0-539d-a421-eabde1796f8d,高円寺,JR中央線,高円寺駅付近のトイレ,35.7029211,139.6485824,○,,,始発〜終電,OSMデータ
e38915ff-1013-5033-8bc3-a8200f2a298b,高円寺,JR中央線,高円寺駅付近のトイレ,35.7055801,139.6498073,,,,始発〜終電,OSMデータ
fc80d6c8-9147-5d8f-9eb2-ee25bbbd0152,高円寺,JR中央線,高円寺駅付近のトイレ,35.7073575,139.6489489,○,,,始発〜終電,OSMデータ
af61624b-7e41-582e-a899-033a9434d901,高円寺,JR中央線,高円寺駅付近のトイレ,35.7036765,139.6517189,,,,始発〜終電,OSMデータ
f5e65bf5-c924-5c56-af79-6097aee5b0d8,阿佐ケ谷,JR中央線,阿佐ケ谷駅付近のトイレ,35.7068406,139.6373608,,,,始発〜終電,OSMデータ
3e0a2e37-a3b9-54ab-a60f-b29928fe68fb,阿佐ケ谷,JR中央線,阿佐ケ谷駅付近のトイレ,35.7049192,139.6370313,○,,,始発〜終電,OSMデータ
cffa51a6-3bcb-5956-b7cb-8d08623fa9fa,阿佐ケ谷,JR中央線,阿佐ケ谷駅付近のトイレ (1階),35.7049365,139.6349866,,,,始発〜終電,OSMデータ
9acb4edb-a9aa-5ec3-b185-c5cb8792409a,阿佐ケ谷,JR中央線,阿佐ケ谷駅付近のトイレ,35.7042907,139.6362176,○,,,始発〜終電,OSMデータ
05e0d717-6d1c-594f-bc72-ceebfb87a39a,荻窪,JR中央線,荻窪駅付近のトイレ (-1階),35.7043639,139.6208285,○,○,,始発〜終電,OSMデータ
75009be4-d5e1-5a9a-95be-f36426c5036b,西荻窪,JR中央線,西荻窪駅付近のトイレ,35.7039592,139.6022079,,,,始発〜終電,OSMデータ
153c8b41-857f-55a0-9778-550d8c986373,吉祥寺,JR中央線,吉祥寺駅付近のトイレ,35.7000926,139.578465,○,,,始発〜終電,OSMデータ
857bb0b7-7b16-5ff4-a44c-4ab263de7e0f,吉祥寺,JR中央線,吉祥寺駅付近のトイレ,35.7032672,139.5800861,,,,始発〜終電,OSMデータ
284ff654-dc76-5035-83ed-6126f55b4075,三鷹,JR中央線,三鷹駅付近のトイレ,35.702943,139.561137,○,,,始発〜終電,OSMデータ
f72d9268-7fd0-5b12-915d-288770525548,三鷹,JR中央線,三鷹駅付近のトイレ,35.7025148,139.5613242,○,,,始発〜終電,OSMデータ
0ca361b6-45ee-5bcd-854f-1d4e5cae38f2,武蔵境,JR中央線,武蔵境駅付近のトイレ,35.7016787,139.5436082,,,,始発〜終電,OSMデータ
87ca97bf-d595-599f-8d9b-af88d871ac89,東小金井,JR中央線,東小金井駅付近のトイレ,35.7026981,139.5268477,,,,始発〜終電,OSMデータ
945f08cb-fb9d-58f9-bfd1-c6c969673dd2,東小金井,JR中央線,東小金井駅付近のトイレ,35.7015265,139.5231454,○,,,始発〜終電,OSMデータ
f43546c1-057e-5494-9aa5-d8f32b72b8b8,武蔵小金井,JR中央線,武蔵小金井駅付近のトイレ,35.7003801,139.5069707,,,,始発〜終電,OSMデータ
5d60c7c5-564a-5f3e-9e94-f9d107424084,武蔵小金井,JR中央線,武蔵小金井駅付近のトイレ,35.7031271,139.5065543,,,,始発〜終電,OSMデータ
5165297e-dfe9-517f-96e3-926a93f48fff,国分寺,JR中央線,国分寺駅付近のトイレ,35.6991504,139.4820302,,,,始発〜終電,OSMデータ
7f3fa372-730a-5539-901d-13a5510a72cc,国分寺,JR中央線,国分寺駅付近のトイレ,35.6985491,139.4815034,○,,,始発〜終電,OSMデータ
220bfa58-4770-5fca-a2b0-586b89d35cab,西国分寺,JR中央線,西国分寺駅付近のトイレ,35.6999257,139.4656385,,,,始発〜終電,OSMデータ
af86173c-b058-56cd-81d4-244e1fc20d58,西国分寺,JR中央線,西国分寺駅付近のトイレ,35.69699,139.464425,,,,始発〜終電,OSMデータ
e76dd673-4803-5b0c-bb04-fe96a07d2436,国立,JR中央線,国立駅トイレ(代表),35.6984353,139.44701,○,○,,始発〜終電,駅中心座標(詳細位置不明)
8d809ef0-2706-55c4-974f-4e47120cd70c,立川,JR中央線,立川駅トイレ(代表),35.5984091,139.7172402,○,○,,始発〜終電,駅中心座標(詳細位置不明)
1feb782f-941a-5973-9466-47439893bfdb,日野,JR中央線,日野駅付近のトイレ,35.6792966,139.3935302,○,,,始発〜終電,OSMデータ
d4fab41f-55d2-5626-83be-4243ea9b2340,日野,JR中央線,日野駅付近のトイレ,35.6792005,139.394036,,,,始発〜終電,OSMデータ
bc0b1742-132a-5d16-bb52-ccfa9079ac3d,豊田,JR中央線,豊田駅トイレ(代表),35.6595146,139.3814849,○,○,,始発〜終電,駅中心座標(詳細位置不明)
d0da704a-8230-51af-b992-3452c2e75f80,八王子,JR中央線,八王子駅付近のトイレ,35.6562105,139.3386468,○,○,,始発〜終電,OSMデータ
e112578a-9c92-543d-baf3-bacd4114be07,八王子,JR中央線,八王子駅付近のトイレ,35.655795,139.339179,,,,始発〜終電,OSMデータ
982fbf69-d4d9-5a38-ac80-a486e1a20484,八王子,JR中央線,八王子駅付近のトイレ,35.6540999,139.338325,,○,,始発〜終電,OSMデータ
23fdb5af-1d67-54a3-8397-6ae110b5cb86,八王子,JR中央線,八王子駅付近のトイレ,35.6560608,139.3396987,○,,,始発〜終電,OSMデータ
d64ee2f4-7216-5997-ab41-e68aa69b6373,八王子,JR中央線,八王子駅付近のトイレ,35.6562178,139.3387143,○,,,始発〜終電,OSMデータ
36232864-8993-5540-94b1-650767dbd946,西八王子,JR中央線,西八王子駅トイレ(代表),35.6565986,139.3125259,○,○,,始発〜終電,駅中心座標(詳細位置不明)
6a214ae4-ad59-558e-99fa-de754387226d,高尾,JR中央線,高尾駅付近のトイレ,35.6419994,139.2812549,,,,始発〜終電,OSMデータ
69306013-00ef-59ef-98af-6cf397136303,赤羽,JR京浜東北線,赤羽駅東口公衆トイレ,35.7783342,139.721129,,,,始発〜終電,OSMデータ
c91bcdd1-1a49-545a-a7a0-df7ae36b138a,赤羽,JR京浜東北線,赤羽駅付近のトイレ,35.7797258,139.7194975,,,,始発〜終電,OSMデータ
d0c4bad4-4f11-5274-9a12-35384dab70c9,東十条,JR京浜東北線,東十条駅付近のトイレ,35.7628016,139.7280633,,,,始発〜終電,OSMデータ
b65fe639-cd38-5b38-90b6-34129a35056e,東十条,JR京浜東北線,東十条駅付近のトイレ,35.762762,139.7256775,,,,始発〜終電,OSMデータ
318a13cf-6988-585c-82f2-c1f8fcc4ae6a,東十条,JR京浜東北線,東十条駅付近のトイレ,35.7654247,139.7265372,,,,始発〜終電,OSMデータ
0d37a4e7-9368-52db-ab18-2dafc7970ae5,東十条,JR京浜東北線,東十条駅付近のトイレ,35.7623582,139.7272983,,,,始発〜終電,OSMデータ
10554971-c11d-505e-b58e-46bd7622c3af,東十条,JR京浜東北線,東十条駅付近のトイレ,35.7648993,139.7263269,,,,始発〜終電,OSMデータ
b9af3b97-b9e8-52d6-b960-40727ea28514,王子,JR京浜東北線,王子駅付近のトイレ,35.7535201,139.7354341,,,,始発〜終電,OSMデータ
d14996f3-f299-50d8-91e2-093b5f4edee5,王子,JR京浜東北線,王子駅付近のトイレ,35.7538843,139.737099,,○,,始発〜終電,OSMデータ
d2f0c779-48ac-53e1-a53d-4362c650dc37,王子,JR京浜東北線,王子駅付近のトイレ,35.7532756,139.7374318,,,,始発〜終電,OSMデータ
a8e770a6-264f-5b86-a215-0b3f098dac4f,王子,JR京浜東北線,王子駅付近のトイレ,35.7559823,139.7390759,,,,始発〜終電,OSMデータ
03d93cb8-e439-507d-86c7-b338e78feca5,上中里,JR京浜東北線,上中里駅前公衆トイレ,35.7464589,139.7471626,○,,,始発〜終電,OSMデータ
9ea15eca-f157-5da5-8d43-ee65c177330a,大井町,JR京浜東北線,大井町駅付近のトイレ,35.605713,139.7346961,,,,始発〜終電,OSMデータ
db1d510c-3786-58f8-bd92-8f6fc46e90d8,大井町,JR京浜東北線,大井町駅付近のトイレ,35.6083158,139.7368997,,,,始発〜終電,OSMデータ
70f8ae30-389f-579e-9729-643e886907fc,大井町,JR京浜東北線,大井町駅付近のトイレ (0階),35.6068783,139.7351629,○,○,,始発〜終電,OSMデータ
31c5f6f9-bc19-5a29-ad80-2e29fa66568f,大森,JR京浜東北線,大森駅付近のトイレ,35.5880723,139.7293339,,,,始発〜終電,OSMデータ
b21c3ca8-f80c-5c06-bb68-8cf99dbbaf78,大森,JR京浜東北線,大森駅付近のトイレ,35.5892566,139.7269297,,,,始発〜終電,OSMデータ
95efa416-db13-56b8-becb-5e6c58dca1d9,大森,JR京浜東北線,大森駅付近のトイレ,35.5863431,139.7306642,○,,,始発〜終電,OSMデータ
78fdd2a6-afc6-537c-b69c-15e0ef47f896,大森,JR京浜東北線,大森駅付近のトイレ,35.5897635,139.729271,,,,始発〜終電,OSMデータ
fcdbe25c-a0cf-5571-a828-4016a6357229,大森,JR京浜東北線,大森駅付近のトイレ,35.5894272,139.730732,,,,始発〜終電,OSMデータ
d5eb9f44-cd11-5b34-afc6-8e22bd779a2b,大森,JR京浜東北線,大森駅付近のトイレ,35.5883301,139.7267452,,,,始発〜終電,OSMデータ
77a8fe2e-6879-5ec4-9f17-3e5260aec6ff,大森,JR京浜東北線,大森駅付近のトイレ,35.5886503,139.7279935,○,,,始発〜終電,OSMデータ
8b1db6c6-8ad8-5e9d-88e7-539de5c7a171,大森,JR京浜東北線,大森駅付近のトイレ (0階),35.5906443,139.7278278,,,,始発〜終電,OSMデータ
2c4145c3-7592-557a-a1d9-ac7c0d479d3d,大森,JR京浜東北線,大森駅付近のトイレ (2階),35.5878885,139.7316092,,,,始発〜終電,OSMデータ
7ad6fef6-58e3-5455-b49d-2d189db96848,大森,JR京浜東北線,大森駅付近のトイレ (0階),35.5882118,139.7274837,○,,,始発〜終電,OSMデータ
88c843ef-b87a-5402-a0b1-4285a8a2c3cb,大森,JR京浜東北線,大森駅付近のトイレ,35.5891847,139.7280332,,,,始発〜終電,OSMデータ
23b77a55-7ead-5ec5-8103-664876d359fe,大森,JR京浜東北線,大森駅付近のトイレ (-1階),35.5904451,139.7284781,,,,始発〜終電,OSMデータ
b6a666de-3883-5673-845e-1c029bb66cd9,蒲田,JR京浜東北線,蒲田西口駅前公衆便所せせらぎ,35.5629304,139.7160045,,,,始発〜終電,OSMデータ
862fc146-dc4d-57e4-80e5-3ea7f878d7ba,蒲田,JR京浜東北線,蒲田交差公衆便所,35.5637772,139.7169233,○,,,始発〜終電,OSMデータ
d4afdf09-7547-5981-83e2-556b4ffc21a1,蒲田,JR京浜東北線,菖蒲橋際公衆便所,35.5626656,139.7210874,,,,始発〜終電,OSMデータ
fa2fabf6-8ac1-5ed5-aa67-6298a8212f56,浅草,東京メトロ銀座線,浅草駅付近のトイレ,35.7137278,139.7973588,○,,,始発〜終電,OSMデータ
002daa7c-8f03-59de-8e45-889368479f60,浅草,東京メトロ銀座線,浅草駅付近のトイレ,35.7122113,139.7966391,,,,始発〜終電,OSMデータ
c534abb3-488b-5bbd-adeb-97082380b0cf,浅草,東京メトロ銀座線,浅草駅付近のトイレ,35.7126322,139.7963606,,,,始発〜終電,OSMデータ
b671cde4-c195-51b3-8b5b-35d208344c4c,浅草,東京メトロ銀座線,浅草駅付近のトイレ (-2階),35.7107812,139.7978609,○,○,,始発〜終電,OSMデータ
5f2dee58-2901-503d-9fd5-793b9ad7d737,浅草,東京メトロ銀座線,浅草駅付近のトイレ,35.7136493,139.7974228,,,,始発〜終電,OSMデータ
6208f176-b073-595a-b228-25274953dabe,浅草,東京メトロ銀座線,仲見世2号,35.7117438,139.7961874,,,,始発〜終電,OSMデータ
972edcc1-c1a6-5fac-8822-1bd63bed2a61,田原町,東京メトロ銀座線,田原町駅付近のトイレ,35.711624,139.7917692,,,,始発〜終電,OSMデータ
eabb60a8-eab5-5e1d-b9c2-4603d57030f8,田原町,東京メトロ銀座線,田原公園 トイレ,35.7096854,139.7930451,,,,始発〜終電,OSMデータ
2c257c78-f6bd-5797-9ba8-4d4696e215da,稲荷町,東京メトロ銀座線,稲荷町駅付近のトイレ,35.712453,139.782223,,,,始発〜終電,OSMデータ
5f9f0168-8001-5925-94fb-bcdc0a9a153e,稲荷町,東京メトロ銀座線,稲荷町駅付近のトイレ (-1階),35.7112985,139.7825664,○,○,,始発〜終電,OSMデータ
8596949e-0c9c-5024-bfd0-cbce0de9bc10,上野広小路,東京メトロ銀座線,上野広小路駅付近のトイレ,35.709922,139.7722538,○,,,始発〜終電,OSMデータ
f6a42a35-3b64-56dc-9826-09a0ca521a19,末広町,東京メトロ銀座線,末広町駅付近のトイレ,35.7038134,139.7740682,,,,始発〜終電,OSMデータ
d10345cb-8d80-5f58-a15e-ecf44d9e035a,末広町,東京メトロ銀座線,末広町駅付近のトイレ,35.7033047,139.773969,,,,始発〜終電,OSMデータ
9a046a53-8acc-596e-8402-b7ab5715d37f,末広町,東京メトロ銀座線,末広町駅付近のトイレ,35.7038753,139.7742698,,,,始発〜終電,OSMデータ
34f97be9-6f7f-58dc-8315-8ad24c93de90,末広町,東京メトロ銀座線,末広町駅付近のトイレ (1階),35.7009355,139.7727278,○,○,,始発〜終電,OSMデータ
c0d7bdce-15c3-5ded-93f5-07f0604d6d69,末広町,東京メトロ銀座線,末広町駅付近のトイレ,35.703734,139.7709865,○,,,始発〜終電,OSMデータ
2b96f434-f810-5e80-9d3f-adada188ff07,末広町,東京メトロ銀座線,末広町駅付近のトイレ,35.7018987,139.7697493,○,,,始発〜終電,OSMデータ
74ac8353-183a-5001-9198-fde4f7bd232a,三越前,東京メトロ銀座線,三越前駅付近のトイレ,35.6854873,139.7703224,,,,始発〜終電,OSMデータ
fae11134-c7ed-5d3b-af3b-d63c096c3d47,三越前,東京メトロ銀座線,西河岸橋際公衆便所,35.6840389,139.7728679,,,,始発〜終電,OSMデータ
0b7882ab-2269-5530-a0a8-2b247a51c708,三越前,東京メトロ銀座線,三越前駅付近のトイレ,35.6876124,139.7723802,,,,始発〜終電,OSMデータ
9d460a2e-84e4-5180-a9db-f52160ff8503,日本橋,東京メトロ銀座線,日本橋駅付近のトイレ,35.6792417,139.7759168,,,,始発〜終電,OSMデータ
3a039eb9-e525-5adf-8d13-f10a5f133efe,日本橋,東京メトロ銀座線,海運橋際公衆便所,35.6822245,139.7771282,,,,始発〜終電,OSMデータ
fd458950-611c-5191-9faa-18c2c88e98f2,京橋,東京メトロ銀座線,京橋駅付近のトイレ,35.6750042,139.768721,,,,始発〜終電,OSMデータ
2604ee40-1aae-5857-9ee7-c43081ac7d1a,京橋,東京メトロ銀座線,京橋駅付近のトイレ,35.6788694,139.7687705,○,,,始発〜終電,OSMデータ
a1f8b9bd-bc09-5acc-80ee-7f7b3f0cb4e9,京橋,東京メトロ銀座線,京橋駅付近のトイレ,35.6789364,139.7685775,,,,始発〜終電,OSMデータ
d9b729a7-863d-5ec2-856f-d60e484acc7c,京橋,東京メトロ銀座線,京橋駅付近のトイレ,35.6789827,139.7685837,,,,始発〜終電,OSMデータ
40a32b76-c697-526d-a028-628d3b666fd9,銀座,東京メトロ銀座線,銀座駅付近のトイレ (-2階),35.674702,139.7595844,,,,始発〜終電,OSMデータ
ec572d12-7b17-51e8-ae98-ee10f4d8ea4a,銀座,東京メトロ銀座線,銀座駅付近のトイレ (-2階),35.6715965,139.7645677,○,○,,始発〜終電,OSMデータ
f0dda56e-3300-5f9f-b34d-0083f40725ce,虎ノ門,東京メトロ銀座線,虎ノ門駅付近のトイレ,35.6719733,139.747588,,,,始発〜終電,OSMデータ
95c390da-cdf5-591d-8daa-fa0272c1a4af,虎ノ門,東京メトロ銀座線,虎ノ門駅付近のトイレ,35.6697045,139.7485183,,,,始発〜終電,OSMデータ
6d6d2af4-e8bc-5cb2-bba1-d907cfb6a88e,虎ノ門,東京メトロ銀座線,虎ノ門駅付近のトイレ (-1階),35.6728833,139.7508774,,○,,始発〜終電,OSMデータ
ce63f576-6496-5333-998d-9418bbe3ac7f,虎ノ門,東京メトロ銀座線,虎ノ門駅付近のトイレ (-1階),35.6701776,139.7502677,○,○,,始発〜終電,OSMデータ
6142e4e0-5744-587a-b66d-a45ec07320e5,溜池山王,東京メトロ銀座線,溜池山王駅付近のトイレ,35.6732567,139.7414397,,,,始発〜終電,OSMデータ
45cb2d24-8833-507e-9a8b-a1a8448fe046,溜池山王,東京メトロ銀座線,溜池山王駅付近のトイレ,35.6714575,139.7421877,,,,始発〜終電,OSMデータ
a7c4e5e6-75e8-5124-8a00-b21931b4fdc9,赤坂見附,東京メトロ銀座線,赤坂見附駅付近のトイレ (-1階),35.6777812,139.7368208,○,○,,始発〜終電,OSMデータ
5e85191d-8363-5432-8eff-4c27415f8270,青山一丁目,東京メトロ銀座線,青山一丁目駅付近のトイレ,35.6709966,139.7246264,,,,始発〜終電,OSMデータ
bdd32d93-e48c-50a7-8da8-584a99b1d5b9,外苑前,東京メトロ銀座線,港区立ラグビー場前公衆便所,35.6724796,139.7168962,○,,,始発〜終電,OSMデータ
61d1c205-ddd6-5d94-80a1-a42d2806e1d7,外苑前,東京メトロ銀座線,外苑前駅付近のトイレ,35.6695796,139.7194138,,,,始発〜終電,OSMデータ
8b6be158-67a7-5059-9184-78546ca67864,表参道,東京メトロ銀座線,表参道駅付近のトイレ,35.6651088,139.7120725,,,,始発〜終電,OSMデータ
8ca7f669-8403-5035-bcb5-2a6dd3ee5af8,表参道,東京メトロ銀座線,表参道駅付近のトイレ (-2階),35.6649107,139.7123205,,○,,始発〜終電,OSMデータ
98730e00-89e2-5b81-9914-d408a3570e3c,表参道,東京メトロ銀座線,表参道駅付近のトイレ (-1階),35.6656747,139.7113949,,,,始発〜終電,OSMデータ
d58c8f8e-7971-5e61-a953-b07d2fe1decd,新大塚,東京メトロ丸ノ内線,新大塚駅付近のトイレ,35.727814,139.7313777,,,,始発〜終電,OSMデータ
480dfbb7-0e31-5bbb-9cbe-7ab8073e4596,茗荷谷,東京メトロ丸ノ内線,茗荷谷駅付近のトイレ,35.7193253,139.7362889,,,,始発〜終電,OSMデータ
7c9593f6-a79b-57e9-aeab-d1052d43ca2f,後楽園,東京メトロ丸ノ内線,後楽園駅付近のトイレ,35.7051994,139.7507687,,,,始発〜終電,OSMデータ
b4a38104-d09c-5cb7-b5e0-4a8c7078cbbe,後楽園,東京メトロ丸ノ内線,後楽園駅付近のトイレ,35.7065415,139.7514334,,,,始発〜終電,OSMデータ
ffb3e986-3fea-5817-b6a9-a35a5ea9c630,後楽園,東京メトロ丸ノ内線,後楽園駅付近のトイレ,35.7068565,139.7488559,,,,始発〜終電,OSMデータ
54b4a7a5-7fc0-5307-8ecc-d8944dfa8b58,後楽園,東京メトロ丸ノ内線,後楽園駅付近のトイレ,35.7081465,139.751626,,,,始発〜終電,OSMデータ
0f95502d-acb5-5089-936c-4a8e851b6ee6,後楽園,東京メトロ丸ノ内線,後楽園駅付近のトイレ,35.70447,139.752703,,,,始発〜終電,OSMデータ
88d06062-7df6-563c-a78d-7fbce2a8682c,後楽園,東京メトロ丸ノ内線,後楽園駅付近のトイレ,35.7047249,139.7530602,,,,始発〜終電,OSMデータ
aa6c9a23-60aa-5351-8b17-5735b653c087,後楽園,東京メトロ丸ノ内線,後楽園駅付近のトイレ,35.7047912,139.7534422,,,,始発〜終電,OSMデータ
fa857803-87fc-5971-a27d-fe537e59962b,後楽園,東京メトロ丸ノ内線,後楽園駅付近のトイレ (-1階),35.7077128,139.7518055,○,○,,始発〜終電,OSMデータ
9fbd3d78-1b29-5176-aeb1-9638ef0fb19e,後楽園,東京メトロ丸ノ内線,後楽園駅付近のトイレ,35.7073848,139.7514192,○,○,,始発〜終電,OSMデータ
f9286f1a-4fcf-5007-83a3-fdc58e9b344a,後楽園,東京メトロ丸ノ内線,後楽園駅付近のトイレ (-5階),35.7086669,139.7517696,,○,,始発〜終電,OSMデータ
13d02679-fedc-526e-b879-4fb6ff868c5a,後楽園,東京メトロ丸ノ内線,後楽園駅付近のトイレ,35.7085242,139.7522513,○,○,,始発〜終電,OSMデータ
025b31c3-69ca-5a69-9623-c0c6aa3e3277,後楽園,東京メトロ丸ノ内線,後楽園駅付近のトイレ (2階),35.7072205,139.7513026,,,,始発〜終電,OSMデータ
8a1e335f-5915-5f24-9dbc-301cf86ab7ae,後楽園,東京メトロ丸ノ内線,後楽園駅付近のトイレ (0階),35.7063487,139.7535398,,,,始発〜終電,OSMデータ
384df509-a169-588d-8d64-1ca8e2dad090,後楽園,東京メトロ丸ノ内線,後楽園駅付近のトイレ (1階),35.7070243,139.7531171,,,,始発〜終電,OSMデータ
93802ebb-2842-565c-a549-2b8bac73db3b,後楽園,東京メトロ丸ノ内線,後楽園駅付近のトイレ (3階),35.7072371,139.7513305,,,,始発〜終電,OSMデータ
62a9b09a-3f61-54c0-8ef2-47d0b6f94dd2,後楽園,東京メトロ丸ノ内線,後楽園駅付近のトイレ,35.704791,139.751438,,,,始発〜終電,OSMデータ
dfbcbc6d-da22-5cdd-b6d2-4f2fe804c968,後楽園,東京メトロ丸ノ内線,後楽園駅付近のトイレ,35.7067844,139.7489019,○,,,始発〜終電,OSMデータ
cdadbe90-0cc3-56ab-9259-f4e8bc410c52,本郷三丁目,東京メトロ丸ノ内線,本郷三丁目駅付近のトイレ (0階),35.7065938,139.76003,,,,始発〜終電,OSMデータ
7bb296e7-332a-586d-83f8-268d6eaab895,淡路町,東京メトロ丸ノ内線,淡路町駅付近のトイレ,35.6974476,139.7669106,,,,始発〜終電,OSMデータ
6edf4c54-0bd2-5334-8406-54389dd21147,淡路町,東京メトロ丸ノ内線,淡路町駅付近のトイレ,35.6976303,139.7676627,,,,始発〜終電,OSMデータ
d3ef4945-5403-5037-9957-fce100b6017e,淡路町,東京メトロ丸ノ内線,淡路町駅付近のトイレ (-1階),35.6946593,139.7656255,,,,始発〜終電,OSMデータ
abd97685-239a-5a63-88d3-2f23c87d52cf,淡路町,東京メトロ丸ノ内線,淡路町駅付近のトイレ,35.6954035,139.7674149,,,,始発〜終電,OSMデータ
2cb5116d-c0fd-56a9-afbd-f69299961f70,淡路町,東京メトロ丸ノ内線,淡路町駅付近のトイレ (-2階),35.6947979,139.7658809,,,,始発〜終電,OSMデータ
5745d96d-ca73-545f-93c4-bcde53cbe7da,大手町,東京メトロ丸ノ内線,大手町駅付近のトイレ (-1階),35.6857488,139.7633789,○,○,,始発〜終電,OSMデータ
ec58ce12-1a6a-5d2c-a563-4e3ba3cdd419,霞ケ関,東京メトロ丸ノ内線,霞ケ関駅付近のトイレ (-1階),35.6747153,139.7514683,,,,始発〜終電,OSMデータ
121cf8b9-dbb8-55b3-b744-8a606fb8b86d,霞ケ関,東京メトロ丸ノ内線,霞ケ関駅付近のトイレ,35.674881,139.7556654,○,,,始発〜終電,OSMデータ
15d7d1ab-660b-541e-a563-04613952ec6a,霞ケ関,東京メトロ丸ノ内線,霞ケ関駅付近のトイレ,35.6740204,139.7544283,○,,,始発〜終電,OSMデータ
2899c9c9-1c74-5966-810a-fe69814790d6,国会議事堂前,東京メトロ丸ノ内線,国会議事堂前駅付近のトイレ,35.6743086,139.7452672,,,,始発〜終電,OSMデータ
8ac12f29-e7b5-5cc4-bac4-4ccc703a4377,国会議事堂前,東京メトロ丸ノ内線,国会議事堂前駅付近のトイレ,35.6736784,139.742097,,,,始発〜終電,OSMデータ
825f5d28-3cd4-59ae-8630-b8b5bc1d7436,四谷三丁目,東京メトロ丸ノ内線,四谷三丁目駅付近のトイレ,35.6869292,139.7199332,,,,始発〜終電,OSMデータ
4330cab1-25cf-5a83-9b0d-39c21cd3499d,四谷三丁目,東京メトロ丸ノ内線,四谷三丁目駅付近のトイレ,35.6893872,139.7223354,,,,始発〜終電,OSMデータ
5985d0b6-5c90-5023-bbe1-39516ced5c4d,新宿御苑前,東京メトロ丸ノ内線,新宿御苑前駅付近のトイレ,35.690642,139.7113538,,,,始発〜終電,OSMデータ
0021d6d3-ab46-5b91-8e11-95d8fc4f55fd,新宿御苑前,東京メトロ丸ノ内線,新宿御苑前駅付近のトイレ,35.6884949,139.7078862,,,,始発〜終電,OSMデータ
6e7d76ff-4cb4-5250-9154-8f5ba3123636,新宿御苑前,東京メトロ丸ノ内線,新宿御苑前駅付近のトイレ,35.6902327,139.7092399,,,,始発〜終電,OSMデータ
e0ff1a0a-63c8-53c4-9f41-fc46b610be40,新宿御苑前,東京メトロ丸ノ内線,新宿御苑前駅付近のトイレ,35.6869228,139.7078786,,○,,始発〜終電,OSMデータ
32f3acc8-c7d3-50c1-8105-347af1e49b12,新宿御苑前,東京メトロ丸ノ内線,新宿御苑前駅付近のトイレ,35.6869844,139.7103972,,,,始発〜終電,OSMデータ
4250a97e-f7bb-5ec0-95a2-8ac18f2d9b19,新宿御苑前,東京メトロ丸ノ内線,新宿御苑前駅付近のトイレ,35.6882198,139.7079644,○,,,始発〜終電,OSMデータ
8f116aba-a950-56fd-8827-54a99f749d75,新宿御苑前,東京メトロ丸ノ内線,新宿御苑前駅付近のトイレ,35.6881866,139.7080349,○,,,始発〜終電,OSMデータ
e17285f2-dfb6-5d14-a0dc-93370dd4b322,新宿三丁目,東京メトロ丸ノ内線,新宿三丁目駅付近のトイレ,35.6902055,139.704468,○,○,,始発〜終電,OSMデータ
277cf486-45dd-5953-b8b1-080317c6e73e,新宿三丁目,東京メトロ丸ノ内線,新宿三丁目駅付近のトイレ (-1階),35.6907767,139.7065859,○,○,,始発〜終電,OSMデータ
eb199348-3950-5280-8031-32159f0c533d,新宿三丁目,東京メトロ丸ノ内線,新宿三丁目駅付近のトイレ (7階),35.6914688,139.704429,,,,始発〜終電,OSMデータ
5d506535-e1ba-5ea2-80ad-e05346709b11,新宿三丁目,東京メトロ丸ノ内線,新宿三丁目駅付近のトイレ,35.6934947,139.7040978,,,,始発〜終電,OSMデータ
03c90f2d-1881-50ef-bea4-d187cbc4fafe,西新宿,東京メトロ丸ノ内線,西新宿駅トイレ(代表),35.694323,139.6932026,○,○,,始発〜終電,駅中心座標(詳細位置不明)
d0d5ff6f-ec29-5b9d-b3d4-3af2fb125b3e,中野坂上,東京メトロ丸ノ内線,中野坂上駅付近のトイレ (-1階),35.69695,139.6808851,,,,始発〜終電,OSMデータ
6aba67c6-7a3f-5533-af1a-061c67141257,中野坂上,東京メトロ丸ノ内線,中野坂上駅付近のトイレ (-3階),35.6970027,139.6808249,,,,始発〜終電,OSMデータ
a6f6bbf8-db94-5109-907e-578af2e3ede9,新中野,東京メトロ丸ノ内線,新中野駅付近のトイレ,35.697,139.66725,,,,始発〜終電,OSMデータ
55253bc7-d89c-5d19-9049-ad4a2eafcc0f,東高円寺,東京メトロ丸ノ内線,東高円寺駅付近のトイレ,35.6976737,139.6560443,,,,始発〜終電,OSMデータ
dd8be904-e398-5b0c-bc88-5fdb72b9200f,東高円寺,東京メトロ丸ノ内線,東高円寺駅付近のトイレ,35.6967483,139.6563899,,,,始発〜終電,OSMデータ
a5af42c2-ac03-53fc-9fcd-fdc6f0bc04dd,東高円寺,東京メトロ丸ノ内線,東高円寺駅付近のトイレ,35.6978449,139.6576607,,,,始発〜終電,OSMデータ
37cd9fde-e393-55c4-8a82-8417dd504fa4,東高円寺,東京メトロ丸ノ内線,東高円寺みんなのトイレ (公衆便所),35.6996691,139.6549883,○,,,始発〜終電,OSMデータ
e602b324-9a2b-51ba-8c0c-5b6213150575,新高円寺,東京メトロ丸ノ内線,新高円寺駅トイレ(代表),35.6985871,139.649314,○,○,,始発〜終電,駅中心座標(詳細位置不明)
63874097-be74-56ff-afbe-8ecaeeb7bdb5,南阿佐ケ谷,東京メトロ丸ノ内線,南阿佐ケ谷駅付近のトイレ,35.7014291,139.6339777,,,,始発〜終電,OSMデータ
50f4fd5c-01a8-5ce9-b7e5-984a94774829,北千住,東京メトロ日比谷線,北千住駅付近のトイレ,35.7506189,139.8057208,,,,始発〜終電,OSMデータ
25c79243-9b69-5390-b3d9-6f3d03aadcf7,北千住,東京メトロ日比谷線,北千住駅付近のトイレ,35.7525039,139.804708,,,,始発〜終電,OSMデータ
77475d4a-e0ad-5fa5-9f5e-383848de26a6,北千住,東京メトロ日比谷線,北千住駅付近のトイレ,35.7525068,139.8047001,,,,始発〜終電,OSMデータ
336f0abd-867f-59b5-84f0-841f27c627e4,南千住,東京メトロ日比谷線,南千住駅付近のトイレ,35.7329,139.7999951,,,,始発〜終電,OSMデータ
617c6de7-86bb-52f4-86ad-b6d34b48d0b5,南千住,東京メトロ日比谷線,南千住駅付近のトイレ,35.7316807,139.7983489,,,,始発〜終電,OSMデータ
b3fcd329-463b-5679-8228-0731c10db6be,三ノ輪,東京メトロ日比谷線,三ノ輪二丁目公衆トイレ,35.7303249,139.7923844,,,,始発〜終電,OSMデータ
de972ad8-c5fa-56eb-b31c-8e3c956f63d6,三ノ輪,東京メトロ日比谷線,三ノ輪駅付近のトイレ,35.730434,139.7892603,,,,始発〜終電,OSMデータ
64416791-cf02-5fe7-b2d9-e817c8e0554e,三ノ輪,東京メトロ日比谷線,三ノ輪駅付近のトイレ,35.7321213,139.7917672,,,,始発〜終電,OSMデータ
fab46044-b9e9-5a16-91bf-9aaba646783d,三ノ輪,東京メトロ日比谷線,三ノ輪交番裏公衆トイレ,35.7283671,139.7905769,,,,始発〜終電,OSMデータ
2ee9012f-6453-5208-9cff-a3ad5551b98c,三ノ輪,東京メトロ日比谷線,三ノ輪駅付近のトイレ,35.7285336,139.7928646,○,,,始発〜終電,OSMデータ
20965698-e218-571d-9080-92d8c4220ced,入谷,東京メトロ日比谷線,北上野一丁目 公衆トイレ,35.7189843,139.7836028,,,,始発〜終電,OSMデータ
2f29d3cb-f850-545c-a709-443650e14571,小伝馬町,東京メトロ日比谷線,小伝馬町駅付近のトイレ,35.6932171,139.7797262,,,,始発〜終電,OSMデータ
1b002cfa-2a70-5dda-a98d-94973a6982db,小伝馬町,東京メトロ日比谷線,小伝馬町駅付近のトイレ,35.6911376,139.777744,,,,始発〜終電,OSMデータ
2eaaa490-2194-54af-b344-4054e1476e3d,人形町,東京メトロ日比谷線,人形町駅付近のトイレ,35.6880877,139.784562,,,,始発〜終電,OSMデータ
0beba699-90ef-5bf5-9397-2c2c5074fa67,人形町,東京メトロ日比谷線,人形町駅付近のトイレ,35.6863808,139.779314,○,,,始発〜終電,OSMデータ
8a86d577-8d39-59c7-bfab-0b230b5573a4,茅場町,東京メトロ日比谷線,茅場町駅付近のトイレ,35.6789173,139.7817192,○,,,始発〜終電,OSMデータ
7b5cbe28-c0fe-5e87-956f-9715ef8c7d6b,茅場町,東京メトロ日比谷線,茅場町駅付近のトイレ,35.6778658,139.7799156,○,○,,始発〜終電,OSMデータ
f30d7426-cf21-5d06-ad44-424f4c1bba4e,茅場町,東京メトロ日比谷線,茅場町駅付近のトイレ,35.6807322,139.7808367,○,,,始発〜終電,OSMデータ
266ea236-1516-5ef1-8fbd-15c59c5e06ff,八丁堀,東京メトロ日比谷線,だれでもトイレ,35.6735755,139.7769911,○,,,始発〜終電,OSMデータ
49976e17-2387-5b51-8315-f45d1a777f94,築地,東京メトロ日比谷線,築地駅付近のトイレ,35.6663227,139.773418,,,,始発〜終電,OSMデータ
7ad252f6-222a-5e13-aae2-2fcf59ee7579,築地,東京メトロ日比谷線,築地駅付近のトイレ,35.6678452,139.7745483,○,,,始発〜終電,OSMデータ
fa161054-18f0-573a-be9d-ddcb2e2f47d2,東銀座,東京メトロ日比谷線,東銀座駅付近のトイレ,35.6704883,139.7708419,,,,始発〜終電,OSMデータ
c24fd5e6-0f2d-5525-b236-0ade8203029e,東銀座,東京メトロ日比谷線,東銀座駅付近のトイレ,35.6722893,139.7679658,,,,始発〜終電,OSMデータ
ba3a3b92-8c13-5938-8548-8c0f311da5f6,日比谷,東京メトロ日比谷線,日比谷駅付近のトイレ,35.6742907,139.756867,○,,,始発〜終電,OSMデータ
1c53f561-714a-571b-9ad0-771a3d10c5c1,日比谷,東京メトロ日比谷線,日比谷駅付近のトイレ,35.6721707,139.7555641,○,,,始発〜終電,OSMデータ
3a4646f2-10ac-5324-bf64-07e722697aea,日比谷,東京メトロ日比谷線,日比谷駅付近のトイレ,35.6736126,139.7581839,,,,始発〜終電,OSMデータ
36b730f8-9630-5726-8b10-b9be18614c0d,日比谷,東京メトロ日比谷線,日比谷駅付近のトイレ,35.6734644,139.7580752,,,,始発〜終電,OSMデータ
3874cfca-b067-57d6-8885-6c73b8a1c19f,日比谷,東京メトロ日比谷線,日比谷駅付近のトイレ,35.6734283,139.7580411,○,,,始発〜終電,OSMデータ
6bda1275-1506-59a1-b0ea-5b047e1a482e,日比谷,東京メトロ日比谷線,日比谷駅付近のトイレ,35.6757336,139.7571229,○,,,始発〜終電,OSMデータ
eb2e5fe5-29df-5e0b-8f02-2a47d03bc34e,日比谷,東京メトロ日比谷線,日比谷駅付近のトイレ,35.6745438,139.7567812,○,,,始発〜終電,OSMデータ
4cb26a53-eab2-59c6-b84a-b63564c8845c,神谷町,東京メトロ日比谷線,神谷町駅付近のトイレ,35.6611536,139.74273,,,,始発〜終電,OSMデータ
d0f3cb23-7090-5270-a778-3f6d271530ff,神谷町,東京メトロ日比谷線,神谷町駅付近のトイレ (1階),35.6650535,139.7441906,,,,始発〜終電,OSMデータ
4584adc5-fff3-5e8b-b289-59cd136fcac0,神谷町,東京メトロ日比谷線,神谷町駅付近のトイレ,35.664428,139.7474972,,,,始発〜終電,OSMデータ
f13ee00a-59b2-5aa7-ae2e-0f031c1cd8d1,虎ノ門ヒルズ,東京メトロ日比谷線,虎ノ門ヒルズ駅付近のトイレ,35.6649797,139.7486284,,,,始発〜終電,OSMデータ
ed635933-6fa0-5170-93de-d8507e471faa,虎ノ門ヒルズ,東京メトロ日比谷線,虎ノ門ヒルズ駅付近のトイレ,35.6649814,139.7486083,,,,始発〜終電,OSMデータ
6d8a765c-a563-5806-9ab2-ff27d476b64a,虎ノ門ヒルズ,東京メトロ日比谷線,虎ノ門ヒルズ駅付近のトイレ (-2階),35.6672556,139.7477851,,,,始発〜終電,OSMデータ
5d7f00dc-5e6c-5567-9390-5386eb4e77e1,虎ノ門ヒルズ,東京メトロ日比谷線,虎ノ門ヒルズ駅付近のトイレ,35.6673634,139.7484409,,,,始発〜終電,OSMデータ
1d4b11b3-c2ac-542a-8156-a9924ddd84d9,虎ノ門ヒルズ,東京メトロ日比谷線,虎ノ門ヒルズ駅付近のトイレ (-1階),35.667355,139.7479603,,,,始発〜終電,OSMデータ
3030e989-d752-5c40-8dcb-927317bd0cae,六本木,東京メトロ日比谷線,六本木駅付近のトイレ,35.6649375,139.7269079,,,,始発〜終電,OSMデータ
7f5c4f63-7584-5fbe-a0a5-4ae1752d1144,六本木,東京メトロ日比谷線,六本木駅付近のトイレ,35.6632999,139.7297724,,,,始発〜終電,OSMデータ
3adeadda-1835-5c62-866e-3eb4afa1888c,六本木,東京メトロ日比谷線,六本木駅付近のトイレ (0階),35.6640203,139.7272236,,,,始発〜終電,OSMデータ
0adb0dfd-3037-5022-8514-ec1151eb56a0,六本木,東京メトロ日比谷線,六本木駅付近のトイレ,35.6681269,139.7276647,,,,始発〜終電,OSMデータ
a373c404-6cf8-507a-ae91-0f66f437d724,広尾,東京メトロ日比谷線,広尾駅付近のトイレ,35.6513933,139.7245333,,○,,始発〜終電,OSMデータ
2292d754-505b-5ade-9e02-5d5a86a31c55,広尾,東京メトロ日比谷線,広尾駅付近のトイレ,35.6518261,139.7201479,,,,始発〜終電,OSMデータ
702d5fe5-4c09-5a2a-ad51-dcca29733e96,広尾,東京メトロ日比谷線,広尾駅付近のトイレ,35.6518196,139.7199639,,,,始発〜終電,OSMデータ
e74c7717-31c7-5ea6-8042-be7c1e29b61f,広尾,東京メトロ日比谷線,広尾駅付近のトイレ,35.6533147,139.7211257,,○,,始発〜終電,OSMデータ
51acc2fd-6ad7-50e9-96c8-d5e2cae097ad,中目黒,東京メトロ日比谷線,中目黒駅付近のトイレ,35.6430422,139.6978829,○,,,始発〜終電,OSMデータ
0bbc5b49-547a-576e-b74f-4f63c88d7e8d,中目黒,東京メトロ日比谷線,中目黒駅付近のトイレ (0階),35.6446294,139.699487,○,,,始発〜終電,OSMデータ
4e906fd7-c4e2-5533-bb98-4842d1d1a66e,中目黒,東京メトロ日比谷線,中目黒駅付近のトイレ (0階),35.6439696,139.6987684,,,,始発〜終電,OSMデータ
48a34f0b-5fb9-50f0-9009-eb4900da48ed,中目黒,東京メトロ日比谷線,中目黒駅付近のトイレ (0階),35.6439547,139.6987453,,,,始発〜終電,OSMデータ
d5df4b65-45b7-5d66-a375-76e686a43ea7,代官山,東急東横線,代官山公園,35.6487424,139.7036635,○,,,始発〜終電,OSMデータ
bbbfabe9-31cb-5cf8-9d00-ab1c5750ff1d,代官山,東急東横線,あれどめ ひび セーフ,35.649022,139.70129,,,,始発〜終電,OSMデータ
637c1c1a-57d7-5164-bd10-c6b8262ab872,代官山,東急東横線,代官山駅付近のトイレ,35.6477282,139.7008567,○,,,始発〜終電,OSMデータ
f515b612-7b5c-540c-882e-199d8f201692,代官山,東急東横線,代官山駅付近のトイレ,35.6486139,139.7036092,,,,始発〜終電,OSMデータ
e65efe55-4458-5902-abc4-fb75a32795c1,代官山,東急東横線,代官山駅付近のトイレ (0階),35.6481905,139.7033201,,,,始発〜終電,OSMデータ
e8481f86-33df-57a9-8074-bcb9b316db01,代官山,東急東横線,代官山駅付近のトイレ,35.6455091,139.7030487,,,,始発〜終電,OSMデータ
dd799c2d-0f37-53b3-9f9a-122034f67dbd,祐天寺,東急東横線,祐天寺駅付近のトイレ,35.6374902,139.6911849,,,,始発〜終電,OSMデータ
f7b46cac-e416-545a-a4d9-909c1ebf5de7,学芸大学,東急東横線,学芸大学駅付近のトイレ,35.6286665,139.6851373,,○,,始発〜終電,OSMデータ
a0fcdb58-066e-5432-8b4c-57934cca12b2,学芸大学,東急東横線,学芸大学駅付近のトイレ (0階),35.6288758,139.6853666,,,,始発〜終電,OSMデータ
4b343473-3805-5d6d-b9e3-348cab6758a9,都立大学,東急東横線,都立大学駅付近のトイレ,35.6164463,139.678694,,,,始発〜終電,OSMデータ
facaebce-e130-5c3c-bad9-09e865f051c4,都立大学,東急東横線,都立大学駅公衆便所 (0階),35.6172719,139.6758739,,,,始発〜終電,OSMデータ
d874282c-77cf-51d4-ab10-129b18bbadc5,自由が丘,東急東横線,自由が丘駅付近のトイレ,35.610004,139.6691641,○,,,始発〜終電,OSMデータ
a4153026-2fab-550b-b7c5-40510eed2790,自由が丘,東急東横線,自由が丘駅付近のトイレ,35.6074816,139.6686047,○,,,始発〜終電,OSMデータ
9db2ee1c-554a-5c59-bd8e-26a95562b8d9,自由が丘,東急東横線,自由が丘駅付近のトイレ,35.6078157,139.671657,○,,,始発〜終電,OSMデータ
5ccd914d-27ee-567a-acbc-e3b9205e1cf5,自由が丘,東急東横線,自由が丘駅付近のトイレ,35.6102696,139.6672293,○,○,,始発〜終電,OSMデータ
9784b99f-f3aa-5627-bb85-ab88845564db,自由が丘,東急東横線,自由が丘駅付近のトイレ (0階),35.6076565,139.6693709,○,,,始発〜終電,OSMデータ
50c72d4f-188f-5623-a110-bb9dbfbc2dff,田園調布,東急東横線,田園調布駅付近のトイレ,35.5974123,139.6671693,○,,,始発〜終電,OSMデータ
dcf84566-c472-5253-aaa3-e223c1d8cd7d,多摩川,東急東横線,多摩川駅付近のトイレ,35.5882447,139.6689402,○,,,始発〜終電,OSMデータ
b0d4bf02-906c-5b95-82a3-58436129b513,南新宿,小田急小田原線,南新宿駅付近のトイレ (1階),35.6812298,139.6982374,○,○,,始発〜終電,OSMデータ
5cbef892-268f-567e-914b-6bd002fce110,南新宿,小田急小田原線,南新宿駅付近のトイレ (0階),35.6813407,139.6981927,○,○,,始発〜終電,OSMデータ
7b622fb8-459e-56ba-9e3d-5899e4567350,参宮橋,小田急小田原線,代々木ポニー公園,35.6789317,139.6948423,○,,,始発〜終電,OSMデータ
b23efea4-1511-5216-b031-d84cc6e7f43a,代々木八幡,小田急小田原線,代々木八幡駅付近のトイレ (-1階),35.669269,139.6889959,,,,始発〜終電,OSMデータ
f0689ed9-fe6c-59c8-8de5-afc59de5a881,代々木八幡,小田急小田原線,代々木八幡駅付近のトイレ (-1階),35.6689729,139.6910854,,○,,始発〜終電,OSMデータ
7606988c-7c84-5a46-ac29-252f69736151,代々木八幡,小田急小田原線,代々木深町小公園 透明トイレ,35.6693949,139.6906937,○,○,○,始発〜終電,OSMデータ
7e28e0f7-61c4-5d87-885d-d30a1249fa4c,代々木八幡,小田急小田原線,代々木八幡公衆便所,35.6714521,139.688015,,○,,始発〜終電,OSMデータ
b3e7311d-04c9-5ab8-89f3-423901359056,代々木上原,小田急小田原線,上原公園,35.6667054,139.6785695,,,,始発〜終電,OSMデータ
8f5efcb9-92ec-5fb4-a37f-ae13bb410f21,東北沢,小田急小田原線,大山児童遊園地,35.6670938,139.6754681,,,,始発〜終電,OSMデータ
30b7ff9a-ed80-5272-8b58-cf2e2156698a,下北沢,小田急小田原線,下北沢駅付近のトイレ (-2階),35.6609602,139.6665792,,,,始発〜終電,OSMデータ
b5b60dc9-fab7-5148-ad71-07daa30409f7,下北沢,小田急小田原線,下北沢駅付近のトイレ (-2階),35.6609295,139.6665505,,,,始発〜終電,OSMデータ
969d9be0-1ecc-5217-a69c-3d1530464165,下北沢,小田急小田原線,下北沢駅付近のトイレ (0階),35.6611001,139.6666905,○,○,,始発〜終電,OSMデータ
b069215a-c133-5ccf-b280-168af72d3991,下北沢,小田急小田原線,下北沢駅付近のトイレ (0階),35.6610889,139.6666748,○,,,始発〜終電,OSMデータ
32ff14e3-4af9-5296-ab65-8f7cf108773e,下北沢,小田急小田原線,下北沢駅付近のトイレ,35.6614055,139.6673419,,,,始発〜終電,OSMデータ
77fd69b5-1331-5660-b03c-f3bd4823db84,世田谷代田,小田急小田原線,世田谷代田駅付近のトイレ,35.657116,139.6601522,,,,始発〜終電,OSMデータ
302a3108-0298-5ff8-b275-ad63e7903a25,梅ヶ丘,小田急小田原線,梅丘公衆便所,35.6557102,139.6522426,○,,,始発〜終電,OSMデータ
b96d34bc-ed61-59dd-9b2c-324249007ab5,梅ヶ丘,小田急小田原線,梅ヶ丘駅付近のトイレ,35.6580734,139.6548285,○,,,始発〜終電,OSMデータ
614f09b5-6715-50f5-af7e-b04438e54221,豪徳寺,小田急小田原線,豪徳寺駅トイレ(代表),35.6535429,139.6468507,○,○,,始発〜終電,駅中心座標(詳細位置不明)
fd6e0c2c-611c-5c4b-86e2-177af82348ee,経堂,小田急小田原線,経堂駅付近のトイレ,35.6535981,139.6361566,,,,始発〜終電,OSMデータ
fb87e624-00f3-51ee-88bd-c321e20a68e8,千歳船橋,小田急小田原線,千歳船橋駅トイレ(代表),35.6473861,139.6213093,○,○,,始発〜終電,駅中心座標(詳細位置不明)
c2449cdb-b2cf-5055-980e-404c594d3a34,祖師ヶ谷大蔵,小田急小田原線,祖師ヶ谷大蔵駅トイレ(代表),35.6432581,139.6091446,○,○,,始発〜終電,駅中心座標(詳細位置不明)
7048e990-ff6f-5035-87e8-38757ed42b1d,成城学園前,小田急小田原線,成城学園前駅トイレ(代表),35.6396317,139.5976637,○,○,,始発〜終電,駅中心座標(詳細位置不明)
