駅名,トイレ表示名,住所(場所),固定ID (これをコピー)
東京,東京駅付近のトイレ (-1階),JR山手線 東京,1f173c4f-db0a-5765-a014-912865eb1f2b
東京,東京駅付近のトイレ,JR山手線 東京,59f55c16-44cf-5d56-9b39-e534efc4ca7c
東京,東京駅付近のトイレ,JR山手線 東京,f0ffd387-8f7e-5d3f-aea4-ebcc2dd3e50b
東京,東京駅付近のトイレ,JR山手線 東京,ab64e2fb-7bb0-586e-9921-2dafee102cce
東京,東京駅付近のトイレ (-1階),JR山手線 東京,5a7295d1-d77f-55fe-ab53-169a5a120bb7
東京,東京駅付近のトイレ,JR山手線 東京,36f40165-0c5f-563a-a810-3a1a9205cd0b
東京,東京駅付近のトイレ,JR山手線 東京,6b814840-af4c-5000-9cee-a213eec341c5
東京,東京駅付近のトイレ,JR山手線 東京,d3d82297-2385-5247-9915-98adef66b1a1
東京,東京駅付近のトイレ,JR山手線 東京,f880c66a-869c-5c8d-bf09-3dea7ca66fd5
有楽町,有楽町イトシア,JR山手線 有楽町,05756277-d5a3-577f-93f9-3502ba5e9b2e
有楽町,有楽町駅付近のトイレ,JR山手線 有楽町,047aade0-dc6e-5be4-8ce2-27f5728be088
有楽町,有楽町駅付近のトイレ (1階),JR山手線 有楽町,aed1f12c-5cb8-59ae-81a4-7e9e55b83397
有楽町,有楽町駅付近のトイレ,JR山手線 有楽町,57d7f6e6-ecab-53e7-bf53-65f9abec1746
有楽町,有楽町駅付近のトイレ,JR山手線 有楽町,7a2c90bf-ba1a-53b3-9035-b8d61d11a011
有楽町,有楽町駅付近のトイレ,JR山手線 有楽町,5015f0cb-3692-55e2-8580-4fab8f0dcdab
新橋,元八通八橋際公衆便所,JR山手線 新橋,a2af9ef9-0556-59d4-9080-998e9e546ea0
新橋,新橋駅付近のトイレ,JR山手線 新橋,19e8d037-31f9-5a14-9a84-825bbbd686e2
浜松町,浜松町駅付近のトイレ,JR山手線 浜松町,e093a4b4-6b5b-5012-8938-cff8d369407f
浜松町,浜松町駅付近のトイレ,JR山手線 浜松町,f5e0390b-7665-5d01-89d4-b4a149d10577
浜松町,浜松町駅付近のトイレ,JR山手線 浜松町,257f90a8-ef4f-5c96-869b-3c7e1a22c7e6
田町,田町駅付近のトイレ (0階),JR山手線 田町,52541081-951b-55ac-a541-e0d9e3902b5b
田町,田町駅付近のトイレ,JR山手線 田町,6c85ba0c-2df3-58cc-bc98-2403fbb557ae
田町,田町駅付近のトイレ,JR山手線 田町,43a879e4-13ef-507a-b378-66ed97cbf8d7
田町,田町駅付近のトイレ,JR山手線 田町,f89c4960-2463-5cc9-abc0-8cc9f5365fe5
田町,田町駅付近のトイレ (-1階),JR山手線 田町,fdf630f6-96ca-595a-a7ec-d8c7ae6c0eb3
田町,田町駅付近のトイレ,JR山手線 田町,3d95166d-48cd-59c3-b161-23bc3402e76e
高輪ゲートウェイ,高輪ゲートウェイ駅付近のトイレ,JR山手線 高輪ゲートウェイ,388340fb-c48f-55b0-bf9f-4ce1dbe26c96
高輪ゲートウェイ,高輪ゲートウェイ駅付近のトイレ,JR山手線 高輪ゲートウェイ,86789a8d-a979-59f1-ab66-5e786d09227a
高輪ゲートウェイ,高輪ゲートウェイ駅付近のトイレ,JR山手線 高輪ゲートウェイ,821a2925-9302-5b9e-8ed7-caac5c2b2f3a
品川,品川駅トイレ(代表),JR山手線 品川,457ee650-cb60-55dc-998f-fc7540806264
大崎,大崎駅付近のトイレ,JR山手線 大崎,6a1bc035-3b3c-5155-bc52-e36bfbb9a35e
大崎,大崎駅付近のトイレ,JR山手線 大崎,9e5cc8fe-435b-50f5-b543-113ca473b761
五反田,五反田駅付近のトイレ (0階),JR山手線 五反田,0e3dc307-3c14-5454-81c6-4af92545dbaa
目黒,目黒駅付近のトイレ (-3階),JR山手線 目黒,af75e12e-58cc-5d86-b2a0-088c5f2a0101
恵比寿,恵比寿駅付近のトイレ,JR山手線 恵比寿,5efc7d74-be77-551a-9a18-2fc62261e85d
恵比寿,恵比寿駅西口公衆便所,JR山手線 恵比寿,e4ee8d8b-d700-590b-9826-d32d178c51ba
恵比寿,恵比寿駅東口公園,JR山手線 恵比寿,5050ae1c-680d-538f-b165-ef7665fe770d
恵比寿,恵比寿東公園,JR山手線 恵比寿,d4a5fc7c-ac0e-5aa6-a9d3-f7286ed2e0da
恵比寿,東三丁目公衆便所,JR山手線 恵比寿,1e5318e6-3756-53bd-b9b1-3b5ce6ce6074
渋谷,渋谷駅付近のトイレ,JR山手線 渋谷,af2cafce-ab49-5d7f-b1b3-3065c422f969
渋谷,渋谷駅付近のトイレ (-2階),JR山手線 渋谷,e8fb3922-d97b-5a4b-9d31-ded7fa09654d
渋谷,渋谷駅付近のトイレ,JR山手線 渋谷,4c0e4d14-7a8c-5c60-b7ea-587b2489e966
渋谷,渋谷駅付近のトイレ,JR山手線 渋谷,479f38c5-ef22-5b0b-b983-6c5841c95b63
渋谷,渋谷駅付近のトイレ (1階),JR山手線 渋谷,df672f4d-2d00-5a02-90ea-a0bca5afb81c
渋谷,渋谷駅付近のトイレ (1階),JR山手線 渋谷,e720c32f-9f98-50df-9653-f39b2e62d77c
渋谷,南改札 (1階),JR山手線 渋谷,0db55739-f5df-5df7-9e18-4db19b5b676f
渋谷,南改札 (1階),JR山手線 渋谷,903292e7-97bb-5a97-9340-5eecebe0ab40
渋谷,渋谷駅付近のトイレ (2階),JR山手線 渋谷,f9569624-8c86-551c-bcbf-e136b6b6f20c
渋谷,渋谷駅付近のトイレ (1階),JR山手線 渋谷,c4ba9ab6-cc28-52fe-a9c7-95bf47f99e20
原宿,原宿駅付近のトイレ,JR山手線 原宿,511e6a33-ed09-5ead-8350-da27fb42f242
原宿,原宿駅付近のトイレ,JR山手線 原宿,470ff333-a268-5067-910b-0ae4a6b0e792
原宿,原宿駅付近のトイレ,JR山手線 原宿,7b108942-4263-5ebe-97c9-a1985901d34a
原宿,原宿駅付近のトイレ,JR山手線 原宿,509e8fc6-6e8c-5964-95d9-057ad25db3d5
原宿,原宿駅付近のトイレ,JR山手線 原宿,2af30a29-f544-526b-9249-d3ef376660fa
代々木,代々木駅付近のトイレ,JR山手線 代々木,ba5bc063-b323-5b3e-b852-f995ca330721
代々木,代々木駅付近のトイレ (0階),JR山手線 代々木,e9ccc27c-1070-55a8-bd5b-c6307fcf89af
代々木,代々木みどり公園,JR山手線 代々木,f47fed6a-c1a2-5ea6-8380-690d183be925
新宿,代々木二丁目あおい公園,JR山手線 新宿,c0f0c839-8dec-500c-b2ab-faa8d3edb90f
新宿,新宿駅付近のトイレ (0階),JR山手線 新宿,b3fa053a-6ddf-5dea-a7a5-e3e38880e017
新宿,新宿駅付近のトイレ (-1階),JR山手線 新宿,cd3b2a03-8425-546c-9346-e409be5b8cbb
新宿,新宿駅付近のトイレ (-1階),JR山手線 新宿,9c30d63d-99ea-5808-afc2-cc31e10bd0f1
新宿,新宿駅付近のトイレ (-1階),JR山手線 新宿,177d1bf3-a845-5da4-9129-ab094bcd534a
新宿,新宿駅付近のトイレ,JR山手線 新宿,d04da1aa-1091-5366-8d81-641bd6281eb1
新宿,新宿駅付近のトイレ,JR山手線 新宿,744b487d-ade2-5545-9b54-2ad1a44b3529
新宿,新宿駅付近のトイレ (1階),JR山手線 新宿,f22028e1-ff46-5f99-8ad3-451d5bdf7dba
新宿,新宿駅付近のトイレ (1階),JR山手線 新宿,72e19a6b-5539-5d66-a259-391d12330c49
新宿,新宿駅付近のトイレ (1階),JR山手線 新宿,e7dade81-e123-5f09-ae3a-7d40faf237b5
新宿,新宿駅付近のトイレ (1階),JR山手線 新宿,8cdf4eaf-a53d-5e8c-b189-616dbc7fb35f
新宿,新宿駅付近のトイレ (-1階),JR山手線 新宿,78567964-0865-591c-a3c6-790fc602600f
新宿,新宿駅付近のトイレ (1階),JR山手線 新宿,1d31d4ed-e0b3-5ec5-9ac7-1c01ac61b64f
新宿,新宿駅付近のトイレ (1階),JR山手線 新宿,f9f59376-8661-5b8d-8a55-acafb436eab3
新宿,新宿駅付近のトイレ (1階),JR山手線 新宿,7bfdb581-1d97-5bb7-9e4a-e315eb69d1db
新宿,新宿駅付近のトイレ (-3階),JR山手線 新宿,9492c70b-bfbd-5dd1-9876-71b74cb5ec47
新宿,新宿駅付近のトイレ (-3階),JR山手線 新宿,962e6378-f410-5ed8-a55f-ecb228a4ecb2
新宿,新宿駅付近のトイレ (-3階),JR山手線 新宿,29bfd5ae-e806-5941-a512-319c0ea3dc00
新大久保,新大久保駅付近のトイレ,JR山手線 新大久保,750cabc1-f518-5372-84a9-609b3a1a6857
新大久保,新大久保駅付近のトイレ,JR山手線 新大久保,84d8a51e-d973-5ee9-adbb-8f1149d038f1
高田馬場,高田馬場駅付近のトイレ,JR山手線 高田馬場,b256302b-2da7-5a95-8355-a66eeec92277
目白,目白駅付近のトイレ (1階),JR山手線 目白,a89be9f1-26fb-5043-839a-dd66605cf13c
目白,目白駅付近のトイレ,JR山手線 目白,b4ca922f-854c-5d41-8f18-cab7872fa5b8
池袋,池袋駅付近のトイレ,JR山手線 池袋,4f27f1a1-cf97-5d83-be6d-d9f22876beb6
池袋,池袋駅付近のトイレ (-1階),JR山手線 池袋,b88038b2-bd7e-51b0-9265-46263068adca
池袋,池袋駅付近のトイレ,JR山手線 池袋,9bcf7da9-0371-502b-977e-19fd59968870
池袋,池袋駅付近のトイレ (-1階),JR山手線 池袋,16b1313a-953a-5224-a1b9-bc3cb27e3142
池袋,池袋駅付近のトイレ (-1階),JR山手線 池袋,023d63e9-3f4f-59d8-884f-3fd325e480f1
池袋,池袋駅付近のトイレ (-1階),JR山手線 池袋,6a541157-aa20-5f82-bac1-e5746f0dda23
池袋,池袋駅付近のトイレ (-1階),JR山手線 池袋,8bc29cb4-1d58-55bf-b542-91b33aba0c0d
池袋,池袋駅付近のトイレ (-1階),JR山手線 池袋,53af699c-2036-5d87-a9f4-f0df9d50f6a4
大塚,大塚駅付近のトイレ,JR山手線 大塚,b22a7a61-f59a-5565-88f3-0d989da81395
大塚,大塚駅付近のトイレ,JR山手線 大塚,e0ec1f40-976e-5c7e-bd2a-5c819ecefc4f
巣鴨,巣鴨駅付近のトイレ,JR山手線 巣鴨,17e14c5c-b5da-529d-a7bd-f6816a9b9ddf
巣鴨,巣鴨駅付近のトイレ,JR山手線 巣鴨,5e30d13d-a302-5e8a-b1e2-cf26a8f99c70
巣鴨,巣鴨駅付近のトイレ,JR山手線 巣鴨,6a8c1708-8e20-51f9-ba68-726951829b5f
巣鴨,巣鴨駅前公衆便所,JR山手線 巣鴨,270ba0cb-134b-5081-b8b4-7ebe0546c7af
駒込,駒込駅付近のトイレ,JR山手線 駒込,08d0e6c1-4777-596c-94b4-2f2a2a8c2292
駒込,駒込駅付近のトイレ,JR山手線 駒込,45357906-7552-5160-90f1-4faf97c20053
駒込,駒込駅付近のトイレ (0階),JR山手線 駒込,de05ec12-6183-5258-87d3-e734511a240a
駒込,駒込駅付近のトイレ (-2階),JR山手線 駒込,c463d9ec-27e5-5fc6-ac73-eacaed1d9099
駒込,駒込駅付近のトイレ,JR山手線 駒込,eefc0bfb-9a9a-5cf8-87e6-bdf4832d80bf
田端,田端駅付近のトイレ,JR山手線 田端,3f63fb8c-ff4d-5237-8427-71f5614924bf
西日暮里,西日暮里駅付近のトイレ,JR山手線 西日暮里,f93d5cb2-293e-5abd-a0d4-9f116a3d3368
西日暮里,西日暮里駅付近のトイレ,JR山手線 西日暮里,670552b5-db7a-5a05-9c7d-d356e95ea96a
西日暮里,諏訪台トイレ,JR山手線 西日暮里,8bc4146b-ced6-55cd-9009-330181f27b89
日暮里,日暮里駅付近のトイレ,JR山手線 日暮里,993e4b3d-bd9e-503a-9f23-e591b5f8a77b
日暮里,日暮里駅付近のトイレ (1階),JR山手線 日暮里,9fdb6b86-990f-53d1-b307-d62fe9b007ac
日暮里,日暮里駅付近のトイレ,JR山手線 日暮里,b4a04fc6-d194-5da6-97bb-0b878fb5d204
日暮里,日暮里駅付近のトイレ,JR山手線 日暮里,e611f629-6b25-5e9c-bdb1-e59c8dac4b8b
鶯谷,鶯谷駅付近のトイレ,JR山手線 鶯谷,4d98b1ff-be34-51e9-b45d-ffa57a1a8bf5
鶯谷,鶯谷駅付近のトイレ,JR山手線 鶯谷,491fc8cc-6785-500b-9ef7-48f257c90e6e
鶯谷,鶯谷駅付近のトイレ,JR山手線 鶯谷,f0e7933a-bf42-5435-88fe-5ca27010dd26
上野,上野駅付近のトイレ,JR山手線 上野,8ee2cda7-b73e-50fd-abc6-78ed3de0fcac
上野,上野駅付近のトイレ,JR山手線 上野,34c216fd-99b7-5df4-9237-7cfe8ede7882
上野,上野駅付近のトイレ,JR山手線 上野,e4813f3a-7651-59bd-88fc-374aa03a13d3
上野,上野駅付近のトイレ (-1階),JR山手線 上野,40d67d6b-b1b0-565a-b4f9-1daf66deea84
上野,上野駅付近のトイレ (-1階),JR山手線 上野,b64f0f8a-d402-5c79-b74e-2c4b49546af3
上野,上野駅付近のトイレ (-1階),JR山手線 上野,f1fee373-da67-5553-af90-d7624660c1e1
上野,上野駅付近のトイレ (-1階),JR山手線 上野,3eb55f44-e034-5396-992e-55b1c08300c9
上野,上野駅付近のトイレ,JR山手線 上野,3504e9e9-6df8-5382-9691-e6334df9b96c
上野,上野駅付近のトイレ,JR山手線 上野,00824b15-8288-53b2-9c4c-36a277023fd3
上野,上野駅付近のトイレ,JR山手線 上野,6e2f4460-0122-5648-ac12-42d078156246
上野,上野駅付近のトイレ (1階),JR山手線 上野,3016bc64-5370-5c60-b6a3-1ff4fe3891d1
上野,上野駅付近のトイレ (3階),JR山手線 上野,e66b0040-91c3-55fd-ab21-402aeda44393
上野,上野駅付近のトイレ,JR山手線 上野,79a294f4-8e93-583a-834b-43b928f86ec9
御徒町,御徒町駅付近のトイレ (-1階),JR山手線 御徒町,603da20f-176b-5b35-b646-c1f90de05139
御徒町,御徒町駅付近のトイレ,JR山手線 御徒町,92677639-d02c-5c68-959c-49dc191077aa
御徒町,御徒町駅付近のトイレ,JR山手線 御徒町,d14d5b39-6e9d-5ece-a565-842c15abb059
御徒町,御徒町駅付近のトイレ,JR山手線 御徒町,e31c1167-bf4e-5db9-b448-119d62807066
秋葉原,オアシスakiba,JR山手線 秋葉原,3e75272f-221a-57f6-aae2-fdb045dcd628
秋葉原,秋葉原駅付近のトイレ,JR山手線 秋葉原,c3ea965a-2e68-5a4c-afe3-b23e3c777396
秋葉原,秋葉原駅付近のトイレ (-1階),JR山手線 秋葉原,e004bad2-3e62-58b4-8929-566c15e46077
秋葉原,秋葉原駅付近のトイレ (1階),JR山手線 秋葉原,515bceb5-963c-575c-998e-0bf985c3273f
秋葉原,秋葉原駅付近のトイレ,JR山手線 秋葉原,4de0326c-474b-5dd9-bc9f-b1a21d66347b
秋葉原,秋葉原駅付近のトイレ,JR山手線 秋葉原,c6b8876f-cf4d-5abe-a194-e1d9dd268d6b
秋葉原,秋葉原駅付近のトイレ,JR山手線 秋葉原,7f2b9839-e4fb-5d2b-ae9c-0bc1720c7952
秋葉原,秋葉原駅付近のトイレ,JR山手線 秋葉原,9f8fdcb2-8281-59db-8afd-597849f41941
秋葉原,秋葉原駅付近のトイレ,JR山手線 秋葉原,546e772e-5b58-5db7-a303-f916f4935f00
秋葉原,和泉橋公衆便所,JR山手線 秋葉原,66f24b72-344b-5839-8a83-90217d34c060
秋葉原,和泉橋公衆便所,JR山手線 秋葉原,5156f400-c956-59be-88de-490b583f70b3
神田,神田駅付近のトイレ (-1階),JR山手線 神田,f4c1c094-5213-55bf-9961-5ba08af928dd
神田,神田駅付近のトイレ,JR山手線 神田,fed931db-d75e-5b45-ab4c-13415b3b2e9f
神田,神田駅付近のトイレ,JR山手線 神田,42ebf6f2-aefe-5af0-9cb6-bae45412978a
神田,神田駅付近のトイレ,JR山手線 神田,dc94b689-0b78-5f05-85e5-d14255e2a17f
神田,神田駅付近のトイレ,JR山手線 神田,50a1f200-700c-5273-9ea0-41318ca9640d
神田,神田駅付近のトイレ,JR山手線 神田,247f7363-da2f-5311-ab66-516e5478a5c6
神田,神田駅付近のトイレ,JR山手線 神田,38afaea3-a0dd-51d5-aaac-e21d5ce6833a
御茶ノ水,御茶ノ水駅付近のトイレ,JR中央線 御茶ノ水,337d8605-698b-5b99-972b-3defdf39d2bf
御茶ノ水,御茶ノ水駅付近のトイレ,JR中央線 御茶ノ水,cd8edd2c-2112-56cf-9e8f-31f6ced03146
御茶ノ水,御茶ノ水駅付近のトイレ,JR中央線 御茶ノ水,17358ad6-a8c7-59d2-9ad9-b40d7ce0a76e
御茶ノ水,御茶ノ水駅付近のトイレ (-1階),JR中央線 御茶ノ水,f7370aab-8f0d-5095-972c-ad99e55c8462
御茶ノ水,文京区お茶の水公園便所,JR中央線 御茶ノ水,ab6eedc1-83ce-5480-b13e-5f35a57c77ff
水道橋,水道橋駅付近のトイレ,JR中央線 水道橋,664a97c3-44fb-5d65-97ba-a1dd0f6e231f
飯田橋,飯田橋駅付近のトイレ,JR中央線 飯田橋,422c1961-fcaf-5276-86c4-14cd1a0b3a1f
飯田橋,飯田橋駅付近のトイレ,JR中央線 飯田橋,9bfbc5e8-aee6-5171-a458-92e86f720bba
飯田橋,飯田橋駅付近のトイレ (0階),JR中央線 飯田橋,004880dc-9053-57b1-833d-9ebdc158d82c
飯田橋,飯田橋駅付近のトイレ (1階),JR中央線 飯田橋,8c20ef03-c63a-51a5-9415-c338e893fbfe
市ケ谷,市ケ谷駅付近のトイレ,JR中央線 市ケ谷,b57f4f30-8cd4-59f8-a228-166e6f343f34
市ケ谷,市ケ谷駅付近のトイレ,JR中央線 市ケ谷,e29f1d1b-e339-55c9-84fe-c992d7bcb596
市ケ谷,市ケ谷駅付近のトイレ,JR中央線 市ケ谷,cd0c1408-6025-58bc-a702-e2d90b2bd175
市ケ谷,市ケ谷駅付近のトイレ (-3階),JR中央線 市ケ谷,9a7766f9-3c36-5d1c-b992-dce8ae3d9e40
市ケ谷,市ケ谷駅付近のトイレ,JR中央線 市ケ谷,06189142-6165-5482-b8d6-bc2989c411e3
四ツ谷,四ツ谷駅付近のトイレ (-2階),JR中央線 四ツ谷,aa1460c4-1bcd-5e6d-9915-7e4af4cfda59
四ツ谷,四ツ谷駅付近のトイレ,JR中央線 四ツ谷,e76989ed-048d-5e69-997a-6fa6644806f5
四ツ谷,四ツ谷駅付近のトイレ,JR中央線 四ツ谷,71728e9d-d310-5f7b-a607-422a03e77fe2
四ツ谷,四ツ谷駅付近のトイレ,JR中央線 四ツ谷,f999e375-8238-5dc0-934b-9d1cc4d5d76f
信濃町,信濃町駅付近のトイレ,JR中央線 信濃町,13d57308-3fbe-5088-8707-a931bb1a82e6
千駄ケ谷,千駄ケ谷駅付近のトイレ,JR中央線 千駄ケ谷,51432f07-3c39-556d-8025-9e62bdd31240
千駄ケ谷,千駄ケ谷駅付近のトイレ,JR中央線 千駄ケ谷,d9977067-8a45-5a1c-aaf7-ab8cb11ea001
千駄ケ谷,千駄ケ谷駅付近のトイレ,JR中央線 千駄ケ谷,9cfac7e9-319e-567c-b734-cacc1b2b037a
千駄ケ谷,千駄ケ谷駅付近のトイレ,JR中央線 千駄ケ谷,67d23cff-27f5-560f-b25e-00b93abf6c47
千駄ケ谷,千駄ヶ谷駅前公衆便所,JR中央線 千駄ケ谷,911698a0-3766-5a72-b032-d1092ccd10d7
中野,中野駅付近のトイレ,JR中央線 中野,4776b763-6af5-5dd5-bd75-d34751b8f6fd
中野,北口トイレ（改札外） (0階),JR中央線 中野,2f547aaf-6283-5d7b-a34f-887bc6509d28
中野,北口トイレ（改札内） (0階),JR中央線 中野,e1d8bd4a-9d3a-5600-b9d9-a84cc1e5d7f5
中野,南口トイレ（改札内） (0階),JR中央線 中野,7053c072-cd62-53ed-8259-d818c549750e
高円寺,高円寺駅付近のトイレ,JR中央線 高円寺,c148e740-e9c0-539d-a421-eabde1796f8d
高円寺,高円寺駅付近のトイレ,JR中央線 高円寺,e38915ff-1013-5033-8bc3-a8200f2a298b
高円寺,高円寺駅付近のトイレ,JR中央線 高円寺,fc80d6c8-9147-5d8f-9eb2-ee25bbbd0152
高円寺,高円寺駅付近のトイレ,JR中央線 高円寺,af61624b-7e41-582e-a899-033a9434d901
阿佐ケ谷,阿佐ケ谷駅付近のトイレ,JR中央線 阿佐ケ谷,f5e65bf5-c924-5c56-af79-6097aee5b0d8
阿佐ケ谷,阿佐ケ谷駅付近のトイレ,JR中央線 阿佐ケ谷,3e0a2e37-a3b9-54ab-a60f-b29928fe68fb
阿佐ケ谷,阿佐ケ谷駅付近のトイレ (1階),JR中央線 阿佐ケ谷,cffa51a6-3bcb-5956-b7cb-8d08623fa9fa
阿佐ケ谷,阿佐ケ谷駅付近のトイレ,JR中央線 阿佐ケ谷,9acb4edb-a9aa-5ec3-b185-c5cb8792409a
荻窪,荻窪駅付近のトイレ (-1階),JR中央線 荻窪,05e0d717-6d1c-594f-bc72-ceebfb87a39a
西荻窪,西荻窪駅付近のトイレ,JR中央線 西荻窪,75009be4-d5e1-5a9a-95be-f36426c5036b
吉祥寺,吉祥寺駅付近のトイレ,JR中央線 吉祥寺,153c8b41-857f-55a0-9778-550d8c986373
吉祥寺,吉祥寺駅付近のトイレ,JR中央線 吉祥寺,857bb0b7-7b16-5ff4-a44c-4ab263de7e0f
三鷹,三鷹駅付近のトイレ,JR中央線 三鷹,284ff654-dc76-5035-83ed-6126f55b4075
三鷹,三鷹駅付近のトイレ,JR中央線 三鷹,f72d9268-7fd0-5b12-915d-288770525548
武蔵境,武蔵境駅付近のトイレ,JR中央線 武蔵境,0ca361b6-45ee-5bcd-854f-1d4e5cae38f2
東小金井,東小金井駅付近のトイレ,JR中央線 東小金井,87ca97bf-d595-599f-8d9b-af88d871ac89
東小金井,東小金井駅付近のトイレ,JR中央線 東小金井,945f08cb-fb9d-58f9-bfd1-c6c969673dd2
武蔵小金井,武蔵小金井駅付近のトイレ,JR中央線 武蔵小金井,f43546c1-057e-5494-9aa5-d8f32b72b8b8
武蔵小金井,武蔵小金井駅付近のトイレ,JR中央線 武蔵小金井,5d60c7c5-564a-5f3e-9e94-f9d107424084
国分寺,国分寺駅付近のトイレ,JR中央線 国分寺,5165297e-dfe9-517f-96e3-926a93f48fff
国分寺,国分寺駅付近のトイレ,JR中央線 国分寺,7f3fa372-730a-5539-901d-13a5510a72cc
西国分寺,西国分寺駅付近のトイレ,JR中央線 西国分寺,220bfa58-4770-5fca-a2b0-586b89d35cab
西国分寺,西国分寺駅付近のトイレ,JR中央線 西国分寺,af86173c-b058-56cd-81d4-244e1fc20d58
国立,国立駅トイレ(代表),JR中央線 国立,e76dd673-4803-5b0c-bb04-fe96a07d2436
立川,立川駅トイレ(代表),JR中央線 立川,8d809ef0-2706-55c4-974f-4e47120cd70c
日野,日野駅付近のトイレ,JR中央線 日野,1feb782f-941a-5973-9466-47439893bfdb
日野,日野駅付近のトイレ,JR中央線 日野,d4fab41f-55d2-5626-83be-4243ea9b2340
豊田,豊田駅トイレ(代表),JR中央線 豊田,bc0b1742-132a-5d16-bb52-ccfa9079ac3d
八王子,八王子駅付近のトイレ,JR中央線 八王子,d0da704a-8230-51af-b992-3452c2e75f80
八王子,八王子駅付近のトイレ,JR中央線 八王子,e112578a-9c92-543d-baf3-bacd4114be07
八王子,八王子駅付近のトイレ,JR中央線 八王子,982fbf69-d4d9-5a38-ac80-a486e1a20484
八王子,八王子駅付近のトイレ,JR中央線 八王子,23fdb5af-1d67-54a3-8397-6ae110b5cb86
八王子,八王子駅付近のトイレ,JR中央線 八王子,d64ee2f4-7216-5997-ab41-e68aa69b6373
西八王子,西八王子駅トイレ(代表),JR中央線 西八王子,36232864-8993-5540-94b1-650767dbd946
高尾,高尾駅付近のトイレ,JR中央線 高尾,6a214ae4-ad59-558e-99fa-de754387226d
赤羽,赤羽駅東口公衆トイレ,JR京浜東北線 赤羽,69306013-00ef-59ef-98af-6cf397136303
赤羽,赤羽駅付近のトイレ,JR京浜東北線 赤羽,c91bcdd1-1a49-545a-a7a0-df7ae36b138a
東十条,東十条駅付近のトイレ,JR京浜東北線 東十条,d0c4bad4-4f11-5274-9a12-35384dab70c9
東十条,東十条駅付近のトイレ,JR京浜東北線 東十条,b65fe639-cd38-5b38-90b6-34129a35056e
東十条,東十条駅付近のトイレ,JR京浜東北線 東十条,318a13cf-6988-585c-82f2-c1f8fcc4ae6a
東十条,東十条駅付近のトイレ,JR京浜東北線 東十条,0d37a4e7-9368-52db-ab18-2dafc7970ae5
東十条,東十条駅付近のトイレ,JR京浜東北線 東十条,10554971-c11d-505e-b58e-46bd7622c3af
王子,王子駅付近のトイレ,JR京浜東北線 王子,b9af3b97-b9e8-52d6-b960-40727ea28514
王子,王子駅付近のトイレ,JR京浜東北線 王子,d14996f3-f299-50d8-91e2-093b5f4edee5
王子,王子駅付近のトイレ,JR京浜東北線 王子,d2f0c779-48ac-53e1-a53d-4362c650dc37
王子,王子駅付近のトイレ,JR京浜東北線 王子,a8e770a6-264f-5b86-a215-0b3f098dac4f
上中里,上中里駅前公衆トイレ,JR京浜東北線 上中里,03d93cb8-e439-507d-86c7-b338e78feca5
大井町,大井町駅付近のトイレ,JR京浜東北線 大井町,9ea15eca-f157-5da5-8d43-ee65c177330a
大井町,大井町駅付近のトイレ,JR京浜東北線 大井町,db1d510c-3786-58f8-bd92-8f6fc46e90d8
大井町,大井町駅付近のトイレ (0階),JR京浜東北線 大井町,70f8ae30-389f-579e-9729-643e886907fc
大森,大森駅付近のトイレ,JR京浜東北線 大森,31c5f6f9-bc19-5a29-ad80-2e29fa66568f
大森,大森駅付近のトイレ,JR京浜東北線 大森,b21c3ca8-f80c-5c06-bb68-8cf99dbbaf78
大森,大森駅付近のトイレ,JR京浜東北線 大森,95efa416-db13-56b8-becb-5e6c58dca1d9
大森,大森駅付近のトイレ,JR京浜東北線 大森,78fdd2a6-afc6-537c-b69c-15e0ef47f896
大森,大森駅付近のトイレ,JR京浜東北線 大森,fcdbe25c-a0cf-5571-a828-4016a6357229
大森,大森駅付近のトイレ,JR京浜東北線 大森,d5eb9f44-cd11-5b34-afc6-8e22bd779a2b
大森,大森駅付近のトイレ,JR京浜東北線 大森,77a8fe2e-6879-5ec4-9f17-3e5260aec6ff
大森,大森駅付近のトイレ (0階),JR京浜東北線 大森,8b1db6c6-8ad8-5e9d-88e7-539de5c7a171
大森,大森駅付近のトイレ (2階),JR京浜東北線 大森,2c4145c3-7592-557a-a1d9-ac7c0d479d3d
大森,大森駅付近のトイレ (0階),JR京浜東北線 大森,7ad6fef6-58e3-5455-b49d-2d189db96848
大森,大森駅付近のトイレ,JR京浜東北線 大森,88c843ef-b87a-5402-a0b1-4285a8a2c3cb
大森,大森駅付近のトイレ (-1階),JR京浜東北線 大森,23b77a55-7ead-5ec5-8103-664876d359fe
蒲田,蒲田西口駅前公衆便所せせらぎ,JR京浜東北線 蒲田,b6a666de-3883-5673-845e-1c029bb66cd9
蒲田,蒲田交差公衆便所,JR京浜東北線 蒲田,862fc146-dc4d-57e4-80e5-3ea7f878d7ba
蒲田,菖蒲橋際公衆便所,JR京浜東北線 蒲田,d4afdf09-7547-5981-83e2-556b4ffc21a1
浅草,浅草駅付近のトイレ,東京メトロ銀座線 浅草,fa2fabf6-8ac1-5ed5-aa67-6298a8212f56
浅草,浅草駅付近のトイレ,東京メトロ銀座線 浅草,002daa7c-8f03-59de-8e45-889368479f60
浅草,浅草駅付近のトイレ,東京メトロ銀座線 浅草,c534abb3-488b-5bbd-adeb-97082380b0cf
浅草,浅草駅付近のトイレ (-2階),東京メトロ銀座線 浅草,b671cde4-c195-51b3-8b5b-35d208344c4c
浅草,浅草駅付近のトイレ,東京メトロ銀座線 浅草,5f2dee58-2901-503d-9fd5-793b9ad7d737
浅草,仲見世2号,東京メトロ銀座線 浅草,6208f176-b073-595a-b228-25274953dabe
田原町,田原町駅付近のトイレ,東京メトロ銀座線 田原町,972edcc1-c1a6-5fac-8822-1bd63bed2a61
田原町,田原公園 トイレ,東京メトロ銀座線 田原町,eabb60a8-eab5-5e1d-b9c2-4603d57030f8
稲荷町,稲荷町駅付近のトイレ,東京メトロ銀座線 稲荷町,2c257c78-f6bd-5797-9ba8-4d4696e215da
稲荷町,稲荷町駅付近のトイレ (-1階),東京メトロ銀座線 稲荷町,5f9f0168-8001-5925-94fb-bcdc0a9a153e
上野広小路,上野広小路駅付近のトイレ,東京メトロ銀座線 上野広小路,8596949e-0c9c-5024-bfd0-cbce0de9bc10
末広町,末広町駅付近のトイレ,東京メトロ銀座線 末広町,f6a42a35-3b64-56dc-9826-09a0ca521a19
末広町,末広町駅付近のトイレ,東京メトロ銀座線 末広町,d10345cb-8d80-5f58-a15e-ecf44d9e035a
末広町,末広町駅付近のトイレ,東京メトロ銀座線 末広町,9a046a53-8acc-596e-8402-b7ab5715d37f
末広町,末広町駅付近のトイレ (1階),東京メトロ銀座線 末広町,34f97be9-6f7f-58dc-8315-8ad24c93de90
末広町,末広町駅付近のトイレ,東京メトロ銀座線 末広町,c0d7bdce-15c3-5ded-93f5-07f0604d6d69
末広町,末広町駅付近のトイレ,東京メトロ銀座線 末広町,2b96f434-f810-5e80-9d3f-adada188ff07
三越前,三越前駅付近のトイレ,東京メトロ銀座線 三越前,74ac8353-183a-5001-9198-fde4f7bd232a
三越前,西河岸橋際公衆便所,東京メトロ銀座線 三越前,fae11134-c7ed-5d3b-af3b-d63c096c3d47
三越前,三越前駅付近のトイレ,東京メトロ銀座線 三越前,0b7882ab-2269-5530-a0a8-2b247a51c708
日本橋,日本橋駅付近のトイレ,東京メトロ銀座線 日本橋,9d460a2e-84e4-5180-a9db-f52160ff8503
日本橋,海運橋際公衆便所,東京メトロ銀座線 日本橋,3a039eb9-e525-5adf-8d13-f10a5f133efe
京橋,京橋駅付近のトイレ,東京メトロ銀座線 京橋,fd458950-611c-5191-9faa-18c2c88e98f2
京橋,京橋駅付近のトイレ,東京メトロ銀座線 京橋,2604ee40-1aae-5857-9ee7-c43081ac7d1a
京橋,京橋駅付近のトイレ,東京メトロ銀座線 京橋,a1f8b9bd-bc09-5acc-80ee-7f7b3f0cb4e9
京橋,京橋駅付近のトイレ,東京メトロ銀座線 京橋,d9b729a7-863d-5ec2-856f-d60e484acc7c
銀座,銀座駅付近のトイレ (-2階),東京メトロ銀座線 銀座,40a32b76-c697-526d-a028-628d3b666fd9
銀座,銀座駅付近のトイレ (-2階),東京メトロ銀座線 銀座,ec572d12-7b17-51e8-ae98-ee10f4d8ea4a
虎ノ門,虎ノ門駅付近のトイレ,東京メトロ銀座線 虎ノ門,f0dda56e-3300-5f9f-b34d-0083f40725ce
虎ノ門,虎ノ門駅付近のトイレ,東京メトロ銀座線 虎ノ門,95c390da-cdf5-591d-8daa-fa0272c1a4af
虎ノ門,虎ノ門駅付近のトイレ (-1階),東京メトロ銀座線 虎ノ門,6d6d2af4-e8bc-5cb2-bba1-d907cfb6a88e
虎ノ門,虎ノ門駅付近のトイレ (-1階),東京メトロ銀座線 虎ノ門,ce63f576-6496-5333-998d-9418bbe3ac7f
溜池山王,溜池山王駅付近のトイレ,東京メトロ銀座線 溜池山王,6142e4e0-5744-587a-b66d-a45ec07320e5
溜池山王,溜池山王駅付近のトイレ,東京メトロ銀座線 溜池山王,45cb2d24-8833-507e-9a8b-a1a8448fe046
赤坂見附,赤坂見附駅付近のトイレ (-1階),東京メトロ銀座線 赤坂見附,a7c4e5e6-75e8-5124-8a00-b21931b4fdc9
青山一丁目,青山一丁目駅付近のトイレ,東京メトロ銀座線 青山一丁目,5e85191d-8363-5432-8eff-4c27415f8270
外苑前,港区立ラグビー場前公衆便所,東京メトロ銀座線 外苑前,bdd32d93-e48c-50a7-8da8-584a99b1d5b9
外苑前,外苑前駅付近のトイレ,東京メトロ銀座線 外苑前,61d1c205-ddd6-5d94-80a1-a42d2806e1d7
表参道,表参道駅付近のトイレ,東京メトロ銀座線 表参道,8b6be158-67a7-5059-9184-78546ca67864
表参道,表参道駅付近のトイレ (-2階),東京メトロ銀座線 表参道,8ca7f669-8403-5035-bcb5-2a6dd3ee5af8
表参道,表参道駅付近のトイレ (-1階),東京メトロ銀座線 表参道,98730e00-89e2-5b81-9914-d408a3570e3c
新大塚,新大塚駅付近のトイレ,東京メトロ丸ノ内線 新大塚,d58c8f8e-7971-5e61-a953-b07d2fe1decd
茗荷谷,茗荷谷駅付近のトイレ,東京メトロ丸ノ内線 茗荷谷,480dfbb7-0e31-5bbb-9cbe-7ab8073e4596
後楽園,後楽園駅付近のトイレ,東京メトロ丸ノ内線 後楽園,7c9593f6-a79b-57e9-aeab-d1052d43ca2f
後楽園,後楽園駅付近のトイレ,東京メトロ丸ノ内線 後楽園,b4a38104-d09c-5cb7-b5e0-4a8c7078cbbe
後楽園,後楽園駅付近のトイレ,東京メトロ丸ノ内線 後楽園,ffb3e986-3fea-5817-b6a9-a35a5ea9c630
後楽園,後楽園駅付近のトイレ,東京メトロ丸ノ内線 後楽園,54b4a7a5-7fc0-5307-8ecc-d8944dfa8b58
後楽園,後楽園駅付近のトイレ,東京メトロ丸ノ内線 後楽園,0f95502d-acb5-5089-936c-4a8e851b6ee6
後楽園,後楽園駅付近のトイレ,東京メトロ丸ノ内線 後楽園,88d06062-7df6-563c-a78d-7fbce2a8682c
後楽園,後楽園駅付近のトイレ,東京メトロ丸ノ内線 後楽園,aa6c9a23-60aa-5351-8b17-5735b653c087
後楽園,後楽園駅付近のトイレ (-1階),東京メトロ丸ノ内線 後楽園,fa857803-87fc-5971-a27d-fe537e59962b
後楽園,後楽園駅付近のトイレ,東京メトロ丸ノ内線 後楽園,9fbd3d78-1b29-5176-aeb1-9638ef0fb19e
後楽園,後楽園駅付近のトイレ (-5階),東京メトロ丸ノ内線 後楽園,f9286f1a-4fcf-5007-83a3-fdc58e9b344a
後楽園,後楽園駅付近のトイレ,東京メトロ丸ノ内線 後楽園,13d02679-fedc-526e-b879-4fb6ff868c5a
後楽園,後楽園駅付近のトイレ (2階),東京メトロ丸ノ内線 後楽園,025b31c3-69ca-5a69-9623-c0c6aa3e3277
後楽園,後楽園駅付近のトイレ (0階),東京メトロ丸ノ内線 後楽園,8a1e335f-5915-5f24-9dbc-301cf86ab7ae
後楽園,後楽園駅付近のトイレ (1階),東京メトロ丸ノ内線 後楽園,384df509-a169-588d-8d64-1ca8e2dad090
後楽園,後楽園駅付近のトイレ (3階),東京メトロ丸ノ内線 後楽園,93802ebb-2842-565c-a549-2b8bac73db3b
後楽園,後楽園駅付近のトイレ,東京メトロ丸ノ内線 後楽園,62a9b09a-3f61-54c0-8ef2-47d0b6f94dd2
後楽園,後楽園駅付近のトイレ,東京メトロ丸ノ内線 後楽園,dfbcbc6d-da22-5cdd-b6d2-4f2fe804c968
本郷三丁目,本郷三丁目駅付近のトイレ (0階),東京メトロ丸ノ内線 本郷三丁目,cdadbe90-0cc3-56ab-9259-f4e8bc410c52
淡路町,淡路町駅付近のトイレ,東京メトロ丸ノ内線 淡路町,7bb296e7-332a-586d-83f8-268d6eaab895
淡路町,淡路町駅付近のトイレ,東京メトロ丸ノ内線 淡路町,6edf4c54-0bd2-5334-8406-54389dd21147
淡路町,淡路町駅付近のトイレ (-1階),東京メトロ丸ノ内線 淡路町,d3ef4945-5403-5037-9957-fce100b6017e
淡路町,淡路町駅付近のトイレ,東京メトロ丸ノ内線 淡路町,abd97685-239a-5a63-88d3-2f23c87d52cf
淡路町,淡路町駅付近のトイレ (-2階),東京メトロ丸ノ内線 淡路町,2cb5116d-c0fd-56a9-afbd-f69299961f70
大手町,大手町駅付近のトイレ (-1階),東京メトロ丸ノ内線 大手町,5745d96d-ca73-545f-93c4-bcde53cbe7da
霞ケ関,霞ケ関駅付近のトイレ (-1階),東京メトロ丸ノ内線 霞ケ関,ec58ce12-1a6a-5d2c-a563-4e3ba3cdd419
霞ケ関,霞ケ関駅付近のトイレ,東京メトロ丸ノ内線 霞ケ関,121cf8b9-dbb8-55b3-b744-8a606fb8b86d
霞ケ関,霞ケ関駅付近のトイレ,東京メトロ丸ノ内線 霞ケ関,15d7d1ab-660b-541e-a563-04613952ec6a
国会議事堂前,国会議事堂前駅付近のトイレ,東京メトロ丸ノ内線 国会議事堂前,2899c9c9-1c74-5966-810a-fe69814790d6
国会議事堂前,国会議事堂前駅付近のトイレ,東京メトロ丸ノ内線 国会議事堂前,8ac12f29-e7b5-5cc4-bac4-4ccc703a4377
四谷三丁目,四谷三丁目駅付近のトイレ,東京メトロ丸ノ内線 四谷三丁目,825f5d28-3cd4-59ae-8630-b8b5bc1d7436
四谷三丁目,四谷三丁目駅付近のトイレ,東京メトロ丸ノ内線 四谷三丁目,4330cab1-25cf-5a83-9b0d-39c21cd3499d
新宿御苑前,新宿御苑前駅付近のトイレ,東京メトロ丸ノ内線 新宿御苑前,5985d0b6-5c90-5023-bbe1-39516ced5c4d
新宿御苑前,新宿御苑前駅付近のトイレ,東京メトロ丸ノ内線 新宿御苑前,0021d6d3-ab46-5b91-8e11-95d8fc4f55fd
新宿御苑前,新宿御苑前駅付近のトイレ,東京メトロ丸ノ内線 新宿御苑前,6e7d76ff-4cb4-5250-9154-8f5ba3123636
新宿御苑前,新宿御苑前駅付近のトイレ,東京メトロ丸ノ内線 新宿御苑前,e0ff1a0a-63c8-53c4-9f41-fc46b610be40
新宿御苑前,新宿御苑前駅付近のトイレ,東京メトロ丸ノ内線 新宿御苑前,32f3acc8-c7d3-50c1-8105-347af1e49b12
新宿御苑前,新宿御苑前駅付近のトイレ,東京メトロ丸ノ内線 新宿御苑前,4250a97e-f7bb-5ec0-95a2-8ac18f2d9b19
新宿御苑前,新宿御苑前駅付近のトイレ,東京メトロ丸ノ内線 新宿御苑前,8f116aba-a950-56fd-8827-54a99f749d75
新宿三丁目,新宿三丁目駅付近のトイレ,東京メトロ丸ノ内線 新宿三丁目,e17285f2-dfb6-5d14-a0dc-93370dd4b322
新宿三丁目,新宿三丁目駅付近のトイレ (-1階),東京メトロ丸ノ内線 新宿三丁目,277cf486-45dd-5953-b8b1-080317c6e73e
新宿三丁目,新宿三丁目駅付近のトイレ (7階),東京メトロ丸ノ内線 新宿三丁目,eb199348-3950-5280-8031-32159f0c533d
新宿三丁目,新宿三丁目駅付近のトイレ,東京メトロ丸ノ内線 新宿三丁目,5d506535-e1ba-5ea2-80ad-e05346709b11
西新宿,西新宿駅トイレ(代表),東京メトロ丸ノ内線 西新宿,03c90f2d-1881-50ef-bea4-d187cbc4fafe
中野坂上,中野坂上駅付近のトイレ (-1階),東京メトロ丸ノ内線 中野坂上,d0d5ff6f-ec29-5b9d-b3d4-3af2fb125b3e
中野坂上,中野坂上駅付近のトイレ (-3階),東京メトロ丸ノ内線 中野坂上,6aba67c6-7a3f-5533-af1a-061c67141257
新中野,新中野駅付近のトイレ,東京メトロ丸ノ内線 新中野,a6f6bbf8-db94-5109-907e-578af2e3ede9
東高円寺,東高円寺駅付近のトイレ,東京メトロ丸ノ内線 東高円寺,55253bc7-d89c-5d19-9049-ad4a2eafcc0f
東高円寺,東高円寺駅付近のトイレ,東京メトロ丸ノ内線 東高円寺,dd8be904-e398-5b0c-bc88-5fdb72b9200f
東高円寺,東高円寺駅付近のトイレ,東京メトロ丸ノ内線 東高円寺,a5af42c2-ac03-53fc-9fcd-fdc6f0bc04dd
東高円寺,東高円寺みんなのトイレ (公衆便所),東京メトロ丸ノ内線 東高円寺,37cd9fde-e393-55c4-8a82-8417dd504fa4
新高円寺,新高円寺駅トイレ(代表),東京メトロ丸ノ内線 新高円寺,e602b324-9a2b-51ba-8c0c-5b6213150575
南阿佐ケ谷,南阿佐ケ谷駅付近のトイレ,東京メトロ丸ノ内線 南阿佐ケ谷,63874097-be74-56ff-afbe-8ecaeeb7bdb5
北千住,北千住駅付近のトイレ,東京メトロ日比谷線 北千住,50f4fd5c-01a8-5ce9-b7e5-984a94774829
北千住,北千住駅付近のトイレ,東京メトロ日比谷線 北千住,25c79243-9b69-5390-b3d9-6f3d03aadcf7
北千住,北千住駅付近のトイレ,東京メトロ日比谷線 北千住,77475d4a-e0ad-5fa5-9f5e-383848de26a6
南千住,南千住駅付近のトイレ,東京メトロ日比谷線 南千住,336f0abd-867f-59b5-84f0-841f27c627e4
南千住,南千住駅付近のトイレ,東京メトロ日比谷線 南千住,617c6de7-86bb-52f4-86ad-b6d34b48d0b5
三ノ輪,三ノ輪二丁目公衆トイレ,東京メトロ日比谷線 三ノ輪,b3fcd329-463b-5679-8228-0731c10db6be
三ノ輪,三ノ輪駅付近のトイレ,東京メトロ日比谷線 三ノ輪,de972ad8-c5fa-56eb-b31c-8e3c956f63d6
三ノ輪,三ノ輪駅付近のトイレ,東京メトロ日比谷線 三ノ輪,64416791-cf02-5fe7-b2d9-e817c8e0554e
三ノ輪,三ノ輪交番裏公衆トイレ,東京メトロ日比谷線 三ノ輪,fab46044-b9e9-5a16-91bf-9aaba646783d
三ノ輪,三ノ輪駅付近のトイレ,東京メトロ日比谷線 三ノ輪,2ee9012f-6453-5208-9cff-a3ad5551b98c
入谷,北上野一丁目 公衆トイレ,東京メトロ日比谷線 入谷,20965698-e218-571d-9080-92d8c4220ced
小伝馬町,小伝馬町駅付近のトイレ,東京メトロ日比谷線 小伝馬町,2f29d3cb-f850-545c-a709-443650e14571
小伝馬町,小伝馬町駅付近のトイレ,東京メトロ日比谷線 小伝馬町,1b002cfa-2a70-5dda-a98d-94973a6982db
人形町,人形町駅付近のトイレ,東京メトロ日比谷線 人形町,2eaaa490-2194-54af-b344-4054e1476e3d
人形町,人形町駅付近のトイレ,東京メトロ日比谷線 人形町,0beba699-90ef-5bf5-9397-2c2c5074fa67
茅場町,茅場町駅付近のトイレ,東京メトロ日比谷線 茅場町,8a86d577-8d39-59c7-bfab-0b230b5573a4
茅場町,茅場町駅付近のトイレ,東京メトロ日比谷線 茅場町,7b5cbe28-c0fe-5e87-956f-9715ef8c7d6b
茅場町,茅場町駅付近のトイレ,東京メトロ日比谷線 茅場町,f30d7426-cf21-5d06-ad44-424f4c1bba4e
八丁堀,だれでもトイレ,東京メトロ日比谷線 八丁堀,266ea236-1516-5ef1-8fbd-15c59c5e06ff
築地,築地駅付近のトイレ,東京メトロ日比谷線 築地,49976e17-2387-5b51-8315-f45d1a777f94
築地,築地駅付近のトイレ,東京メトロ日比谷線 築地,7ad252f6-222a-5e13-aae2-2fcf59ee7579
東銀座,東銀座駅付近のトイレ,東京メトロ日比谷線 東銀座,fa161054-18f0-573a-be9d-ddcb2e2f47d2
東銀座,東銀座駅付近のトイレ,東京メトロ日比谷線 東銀座,c24fd5e6-0f2d-5525-b236-0ade8203029e
日比谷,日比谷駅付近のトイレ,東京メトロ日比谷線 日比谷,ba3a3b92-8c13-5938-8548-8c0f311da5f6
日比谷,日比谷駅付近のトイレ,東京メトロ日比谷線 日比谷,1c53f561-714a-571b-9ad0-771a3d10c5c1
日比谷,日比谷駅付近のトイレ,東京メトロ日比谷線 日比谷,3a4646f2-10ac-5324-bf64-07e722697aea
日比谷,日比谷駅付近のトイレ,東京メトロ日比谷線 日比谷,36b730f8-9630-5726-8b10-b9be18614c0d
日比谷,日比谷駅付近のトイレ,東京メトロ日比谷線 日比谷,3874cfca-b067-57d6-8885-6c73b8a1c19f
日比谷,日比谷駅付近のトイレ,東京メトロ日比谷線 日比谷,6bda1275-1506-59a1-b0ea-5b047e1a482e
日比谷,日比谷駅付近のトイレ,東京メトロ日比谷線 日比谷,eb2e5fe5-29df-5e0b-8f02-2a47d03bc34e
神谷町,神谷町駅付近のトイレ,東京メトロ日比谷線 神谷町,4cb26a53-eab2-59c6-b84a-b63564c8845c
神谷町,神谷町駅付近のトイレ (1階),東京メトロ日比谷線 神谷町,d0f3cb23-7090-5270-a778-3f6d271530ff
神谷町,神谷町駅付近のトイレ,東京メトロ日比谷線 神谷町,4584adc5-fff3-5e8b-b289-59cd136fcac0
虎ノ門ヒルズ,虎ノ門ヒルズ駅付近のトイレ,東京メトロ日比谷線 虎ノ門ヒルズ,f13ee00a-59b2-5aa7-ae2e-0f031c1cd8d1
虎ノ門ヒルズ,虎ノ門ヒルズ駅付近のトイレ,東京メトロ日比谷線 虎ノ門ヒルズ,ed635933-6fa0-5170-93de-d8507e471faa
虎ノ門ヒルズ,虎ノ門ヒルズ駅付近のトイレ (-2階),東京メトロ日比谷線 虎ノ門ヒルズ,6d8a765c-a563-5806-9ab2-ff27d476b64a
虎ノ門ヒルズ,虎ノ門ヒルズ駅付近のトイレ,東京メトロ日比谷線 虎ノ門ヒルズ,5d7f00dc-5e6c-5567-9390-5386eb4e77e1
虎ノ門ヒルズ,虎ノ門ヒルズ駅付近のトイレ (-1階),東京メトロ日比谷線 虎ノ門ヒルズ,1d4b11b3-c2ac-542a-8156-a9924ddd84d9
六本木,六本木駅付近のトイレ,東京メトロ日比谷線 六本木,3030e989-d752-5c40-8dcb-927317bd0cae
六本木,六本木駅付近のトイレ,東京メトロ日比谷線 六本木,7f5c4f63-7584-5fbe-a0a5-4ae1752d1144
六本木,六本木駅付近のトイレ (0階),東京メトロ日比谷線 六本木,3adeadda-1835-5c62-866e-3eb4afa1888c
六本木,六本木駅付近のトイレ,東京メトロ日比谷線 六本木,0adb0dfd-3037-5022-8514-ec1151eb56a0
広尾,広尾駅付近のトイレ,東京メトロ日比谷線 広尾,a373c404-6cf8-507a-ae91-0f66f437d724
広尾,広尾駅付近のトイレ,東京メトロ日比谷線 広尾,2292d754-505b-5ade-9e02-5d5a86a31c55
広尾,広尾駅付近のトイレ,東京メトロ日比谷線 広尾,702d5fe5-4c09-5a2a-ad51-dcca29733e96
広尾,広尾駅付近のトイレ,東京メトロ日比谷線 広尾,e74c7717-31c7-5ea6-8042-be7c1e29b61f
中目黒,中目黒駅付近のトイレ,東京メトロ日比谷線 中目黒,51acc2fd-6ad7-50e9-96c8-d5e2cae097ad
中目黒,中目黒駅付近のトイレ (0階),東京メトロ日比谷線 中目黒,0bbc5b49-547a-576e-b74f-4f63c88d7e8d
中目黒,中目黒駅付近のトイレ (0階),東京メトロ日比谷線 中目黒,4e906fd7-c4e2-5533-bb98-4842d1d1a66e
中目黒,中目黒駅付近のトイレ (0階),東京メトロ日比谷線 中目黒,48a34f0b-5fb9-50f0-9009-eb4900da48ed
代官山,代官山公園,東急東横線 代官山,d5df4b65-45b7-5d66-a375-76e686a43ea7
代官山,あれどめ ひび セーフ,東急東横線 代官山,bbbfabe9-31cb-5cf8-9d00-ab1c5750ff1d
代官山,代官山駅付近のトイレ,東急東横線 代官山,637c1c1a-57d7-5164-bd10-c6b8262ab872
代官山,代官山駅付近のトイレ,東急東横線 代官山,f515b612-7b5c-540c-882e-199d8f201692
代官山,代官山駅付近のトイレ (0階),東急東横線 代官山,e65efe55-4458-5902-abc4-fb75a32795c1
代官山,代官山駅付近のトイレ,東急東横線 代官山,e8481f86-33df-57a9-8074-bcb9b316db01
祐天寺,祐天寺駅付近のトイレ,東急東横線 祐天寺,dd799c2d-0f37-53b3-9f9a-122034f67dbd
学芸大学,学芸大学駅付近のトイレ,東急東横線 学芸大学,f7b46cac-e416-545a-a4d9-909c1ebf5de7
学芸大学,学芸大学駅付近のトイレ (0階),東急東横線 学芸大学,a0fcdb58-066e-5432-8b4c-57934cca12b2
都立大学,都立大学駅付近のトイレ,東急東横線 都立大学,4b343473-3805-5d6d-b9e3-348cab6758a9
都立大学,都立大学駅公衆便所 (0階),東急東横線 都立大学,facaebce-e130-5c3c-bad9-09e865f051c4
自由が丘,自由が丘駅付近のトイレ,東急東横線 自由が丘,d874282c-77cf-51d4-ab10-129b18bbadc5
自由が丘,自由が丘駅付近のトイレ,東急東横線 自由が丘,a4153026-2fab-550b-b7c5-40510eed2790
自由が丘,自由が丘駅付近のトイレ,東急東横線 自由が丘,9db2ee1c-554a-5c59-bd8e-26a95562b8d9
自由が丘,自由が丘駅付近のトイレ,東急東横線 自由が丘,5ccd914d-27ee-567a-acbc-e3b9205e1cf5
自由が丘,自由が丘駅付近のトイレ (0階),東急東横線 自由が丘,9784b99f-f3aa-5627-bb85-ab88845564db
田園調布,田園調布駅付近のトイレ,東急東横線 田園調布,50c72d4f-188f-5623-a110-bb9dbfbc2dff
多摩川,多摩川駅付近のトイレ,東急東横線 多摩川,dcf84566-c472-5253-aaa3-e223c1d8cd7d
南新宿,南新宿駅付近のトイレ (1階),小田急小田原線 南新宿,b0d4bf02-906c-5b95-82a3-58436129b513
南新宿,南新宿駅付近のトイレ (0階),小田急小田原線 南新宿,5cbef892-268f-567e-914b-6bd002fce110
参宮橋,代々木ポニー公園,小田急小田原線 参宮橋,7b622fb8-459e-56ba-9e3d-5899e4567350
代々木八幡,代々木八幡駅付近のトイレ (-1階),小田急小田原線 代々木八幡,b23efea4-1511-5216-b031-d84cc6e7f43a
代々木八幡,代々木八幡駅付近のトイレ (-1階),小田急小田原線 代々木八幡,f0689ed9-fe6c-59c8-8de5-afc59de5a881
代々木八幡,代々木深町小公園 透明トイレ,小田急小田原線 代々木八幡,7606988c-7c84-5a46-ac29-252f69736151
代々木八幡,代々木八幡公衆便所,小田急小田原線 代々木八幡,7e28e0f7-61c4-5d87-885d-d30a1249fa4c
代々木上原,上原公園,小田急小田原線 代々木上原,b3e7311d-04c9-5ab8-89f3-423901359056
東北沢,大山児童遊園地,小田急小田原線 東北沢,8f5efcb9-92ec-5fb4-a37f-ae13bb410f21
下北沢,下北沢駅付近のトイレ (-2階),小田急小田原線 下北沢,30b7ff9a-ed80-5272-8b58-cf2e2156698a
下北沢,下北沢駅付近のトイレ (-2階),小田急小田原線 下北沢,b5b60dc9-fab7-5148-ad71-07daa30409f7
下北沢,下北沢駅付近のトイレ (0階),小田急小田原線 下北沢,969d9be0-1ecc-5217-a69c-3d1530464165
下北沢,下北沢駅付近のトイレ (0階),小田急小田原線 下北沢,b069215a-c133-5ccf-b280-168af72d3991
下北沢,下北沢駅付近のトイレ,小田急小田原線 下北沢,32ff14e3-4af9-5296-ab65-8f7cf108773e
世田谷代田,世田谷代田駅付近のトイレ,小田急小田原線 世田谷代田,77fd69b5-1331-5660-b03c-f3bd4823db84
梅ヶ丘,梅丘公衆便所,小田急小田原線 梅ヶ丘,302a3108-0298-5ff8-b275-ad63e7903a25
梅ヶ丘,梅ヶ丘駅付近のトイレ,小田急小田原線 梅ヶ丘,b96d34bc-ed61-59dd-9b2c-324249007ab5
豪徳寺,豪徳寺駅トイレ(代表),小田急小田原線 豪徳寺,614f09b5-6715-50f5-af7e-b04438e54221
経堂,経堂駅付近のトイレ,小田急小田原線 経堂,fd6e0c2c-611c-5c4b-86e2-177af82348ee
千歳船橋,千歳船橋駅トイレ(代表),小田急小田原線 千歳船橋,fb87e624-00f3-51ee-88bd-c321e20a68e8
祖師ヶ谷大蔵,祖師ヶ谷大蔵駅トイレ(代表),小田急小田原線 祖師ヶ谷大蔵,c2449cdb-b2cf-5055-980e-404c594d3a34
成城学園前,成城学園前駅トイレ(代表),小田急小田原線 成城学園前,7048e990-ff6f-5035-87e8-38757ed42b1d
